Ano;Mês;Classificação orçamentária;Secretaria;Função;Subfunção;Natureza da despesa;Fonte de recurso;Empenhado (R$);Liquidado  (R$);Pago  (R$)
2022;08;05.10.3.1.90.11.04.122.0001.2.002.01.110000;Gabinete do Prefeito;ADMINISTRAÇÃO;ADMINISTRAÇÃO GERAL;VENCIMENTOS E VANTAGENS FIXAS -  PESSOAL CIVIL;TESOURO;58.060,80;58.060,80;58.060,80
2022;08;10.10.3.1.90.11.04.122.0001.2.002.01.110000;Secretaria de Governança;ADMINISTRAÇÃO;ADMINISTRAÇÃO GERAL;VENCIMENTOS E VANTAGENS FIXAS -  PESSOAL CIVIL;TESOURO;671.932,97;671.932,97;671.932,97
2022;08;10.10.3.3.50.39.04.122.0001.2.005.01.110000;Secretaria de Governança;ADMINISTRAÇÃO;ADMINISTRAÇÃO GERAL;OUTROS SERVIÇOS DE TERCEIROS -PESSOA JURÍDICA;TESOURO;-6.236,45;-6.236,45;-6.236,45
2022;08;10.10.3.3.50.85.04.122.0001.2.050.01.110000;Secretaria de Governança;ADMINISTRAÇÃO;ADMINISTRAÇÃO GERAL;CONTRATO DE GESTÃO-;TESOURO;0,00;216.005,59;216.005,59
2022;08;10.10.3.3.90.30.04.122.0001.2.002.01.110000;Secretaria de Governança;ADMINISTRAÇÃO;ADMINISTRAÇÃO GERAL;MATERIAL DE CONSUMO;TESOURO;35.505,10;4.512,85;6.978,13
2022;08;10.10.3.3.90.36.04.122.0001.2.002.01.110000;Secretaria de Governança;ADMINISTRAÇÃO;ADMINISTRAÇÃO GERAL;OUTROS SERVIÇOS DE TERCEIROS - PESSOA FÍSICA;TESOURO;0,00;14.465,90;14.465,90
2022;08;10.10.3.3.90.39.04.122.0001.2.002.01.110000;Secretaria de Governança;ADMINISTRAÇÃO;ADMINISTRAÇÃO GERAL;OUTROS SERVIÇOS DE TERCEIROS -  PESSOA JURÍDICA;TESOURO;163.107,59;185.228,78;279.780,99
2022;08;10.10.3.3.90.39.04.122.0001.2.002.91.110000;Secretaria de Governança;ADMINISTRAÇÃO;ADMINISTRAÇÃO GERAL;OUTROS SERVIÇOS DE TERCEIROS -  PESSOA JURÍDICA;TESOURO - EXERCÍCIO ANTERIOR;0,00;649.974,78;649.974,78
2022;08;10.10.3.3.90.39.04.122.0001.2.003.01.110000;Secretaria de Governança;ADMINISTRAÇÃO;ADMINISTRAÇÃO GERAL;OUTROS SERVIÇOS DE TERCEIROS -  PESSOA JURÍDICA;TESOURO;0,00;945.053,85;1.580.445,30
2022;08;10.10.3.3.90.39.27.811.0001.2.004.01.110000;Secretaria de Governança;DESPORTO E LAZER;DESPORTO DE RENDIMENTO;OUTROS SERVIÇOS DE TERCEIROS -  PESSOA JURÍDICA;TESOURO;89.706,80;89.706,80;89.706,80
2022;08;10.10.3.3.90.48.27.811.0001.2.004.01.110000;Secretaria de Governança;DESPORTO E LAZER;DESPORTO DE RENDIMENTO;OUTROS AUXÍLIOS FINANCEIROS A PESSOA FÍSICA;TESOURO;1.028.470,74;1.028.470,74;493.479,14
2022;08;10.10.4.4.90.52.04.122.0001.2.002.01.110000;Secretaria de Governança;ADMINISTRAÇÃO;ADMINISTRAÇÃO GERAL;EQUIPAMENTOS E MATERIAL PERMANENTE;TESOURO;6.788,99;1.447,98;0,00
2022;08;15.10.3.1.90.11.04.122.0001.2.002.01.110000;Secretaria de Apoio Jurídico;ADMINISTRAÇÃO;ADMINISTRAÇÃO GERAL;VENCIMENTOS E VANTAGENS FIXAS -  PESSOAL CIVIL;TESOURO;801.103,75;801.103,75;801.103,75
2022;08;15.10.3.3.90.30.04.122.0001.2.002.01.110000;Secretaria de Apoio Jurídico;ADMINISTRAÇÃO;ADMINISTRAÇÃO GERAL;MATERIAL DE CONSUMO;TESOURO;0,00;2.614,50;832,60
2022;08;15.10.3.3.90.30.14.422.0001.2.006.03.100133;Secretaria de Apoio Jurídico;DIREITOS DA CIDADANIA;DIREITOS INDIVIDUAIS, COLETIVOS E DIFUSOS;MATERIAL DE CONSUMO;RECURSOS PROPRIOS DE FUNDOS ESPECIAIS DE DESPESA - VINCULADOS;70,00;70,00;0,00
2022;08;15.10.3.3.90.36.04.122.0001.2.002.01.110000;Secretaria de Apoio Jurídico;ADMINISTRAÇÃO;ADMINISTRAÇÃO GERAL;OUTROS SERVIÇOS DE TERCEIROS - PESSOA FÍSICA;TESOURO;70.202,70;126.802,39;126.802,39
2022;08;15.10.3.3.90.36.14.422.0001.2.006.03.100133;Secretaria de Apoio Jurídico;DIREITOS DA CIDADANIA;DIREITOS INDIVIDUAIS, COLETIVOS E DIFUSOS;OUTROS SERVIÇOS DE TERCEIROS - PESSOA FÍSICA;RECURSOS PROPRIOS DE FUNDOS ESPECIAIS DE DESPESA - VINCULADOS;0,00;2.895,00;2.895,00
2022;08;15.10.3.3.90.39.04.122.0001.2.002.01.110000;Secretaria de Apoio Jurídico;ADMINISTRAÇÃO;ADMINISTRAÇÃO GERAL;OUTROS SERVIÇOS DE TERCEIROS -  PESSOA JURÍDICA;TESOURO;28.001,44;34.116,02;39.711,51
2022;08;15.10.3.3.90.39.14.422.0001.2.006.03.100133;Secretaria de Apoio Jurídico;DIREITOS DA CIDADANIA;DIREITOS INDIVIDUAIS, COLETIVOS E DIFUSOS;OUTROS SERVIÇOS DE TERCEIROS -  PESSOA JURÍDICA;RECURSOS PROPRIOS DE FUNDOS ESPECIAIS DE DESPESA - VINCULADOS;3.380,71;77.790,75;155.356,50
2022;08;15.10.3.3.90.40.14.422.0001.2.006.01.110000;Secretaria de Apoio Jurídico;DIREITOS DA CIDADANIA;DIREITOS INDIVIDUAIS, COLETIVOS E DIFUSOS;SERVIÇOS DE TECNOLOGIA DA INFORMAÇÃO E COMUNICAÇÃO - PJ;TESOURO;0,00;51.167,73;51.167,73
2022;08;15.10.4.4.90.52.04.122.0001.2.002.01.110000;Secretaria de Apoio Jurídico;ADMINISTRAÇÃO;ADMINISTRAÇÃO GERAL;EQUIPAMENTOS E MATERIAL PERMANENTE;TESOURO;170,33;0,00;0,00
2022;08;15.10.4.4.90.52.14.422.0001.2.006.03.100133;Secretaria de Apoio Jurídico;DIREITOS DA CIDADANIA;DIREITOS INDIVIDUAIS, COLETIVOS E DIFUSOS;EQUIPAMENTOS E MATERIAL PERMANENTE;RECURSOS PROPRIOS DE FUNDOS ESPECIAIS DE DESPESA - VINCULADOS;0,00;530,00;530,00
2022;08;20.10.3.1.90.11.04.122.0001.2.002.01.110000;Secretaria de Gestão Administrativa e Finanças;ADMINISTRAÇÃO;ADMINISTRAÇÃO GERAL;VENCIMENTOS E VANTAGENS FIXAS -  PESSOAL CIVIL;TESOURO;1.945.075,02;1.945.075,02;1.945.075,02
2022;08;20.10.3.3.90.30.04.122.0001.2.002.01.110000;Secretaria de Gestão Administrativa e Finanças;ADMINISTRAÇÃO;ADMINISTRAÇÃO GERAL;MATERIAL DE CONSUMO;TESOURO;314.333,62;45.511,09;390.581,16
2022;08;20.10.3.3.90.31.04.122.0001.2.002.01.110000;Secretaria de Gestão Administrativa e Finanças;ADMINISTRAÇÃO;ADMINISTRAÇÃO GERAL;PREMIAÇÕES CULTURAIS, ARTÍSTICAS, CIENTÍFICAS, DESPORTIVAS E OUTRAS;TESOURO;142.857,14;142.857,14;142.857,14
2022;08;20.10.3.3.90.36.04.122.0001.2.002.01.110000;Secretaria de Gestão Administrativa e Finanças;ADMINISTRAÇÃO;ADMINISTRAÇÃO GERAL;OUTROS SERVIÇOS DE TERCEIROS - PESSOA FÍSICA;TESOURO;64.271,76;64.271,76;64.271,76
2022;08;20.10.3.3.90.39.04.122.0001.2.002.01.110000;Secretaria de Gestão Administrativa e Finanças;ADMINISTRAÇÃO;ADMINISTRAÇÃO GERAL;OUTROS SERVIÇOS DE TERCEIROS -  PESSOA JURÍDICA;TESOURO;25.083,36;31.409,90;38.149,18
2022;08;20.10.3.3.90.39.04.122.0001.2.051.01.110000;Secretaria de Gestão Administrativa e Finanças;ADMINISTRAÇÃO;ADMINISTRAÇÃO GERAL;OUTROS SERVIÇOS DE TERCEIROS -  PESSOA JURÍDICA;TESOURO;304.199,00;944.962,98;1.497.433,85
2022;08;20.10.3.3.90.40.04.122.0001.2.051.01.110000;Secretaria de Gestão Administrativa e Finanças;ADMINISTRAÇÃO;ADMINISTRAÇÃO GERAL;SERVIÇOS DE TECNOLOGIA DA INFORMAÇÃO E COMUNICAÇÃO - PJ;TESOURO;2.640.185,85;2.578.575,30;3.323.538,49
2022;08;20.10.3.3.90.92.04.122.0001.2.002.01.110000;Secretaria de Gestão Administrativa e Finanças;ADMINISTRAÇÃO;ADMINISTRAÇÃO GERAL;DESPESAS DE EXERCÍCIOS ANTERIORES;TESOURO;0,00;320,00;320,00
2022;08;20.10.3.3.90.92.04.122.0001.2.051.01.110000;Secretaria de Gestão Administrativa e Finanças;ADMINISTRAÇÃO;ADMINISTRAÇÃO GERAL;DESPESAS DE EXERCÍCIOS ANTERIORES;TESOURO;0,00;0,00;1.520,00
2022;08;20.10.4.4.90.52.04.122.0001.2.051.01.100177;Secretaria de Gestão Administrativa e Finanças;ADMINISTRAÇÃO;ADMINISTRAÇÃO GERAL;EQUIPAMENTOS E MATERIAL PERMANENTE;TESOURO;18.720,00;0,00;0,00
2022;08;30.10.3.1.90.11.15.127.0011.2.002.01.110000;Secretaria de Urbanismo e Sustentabilidade;URBANISMO;ORDENAMENTO TERRITORIAL;VENCIMENTOS E VANTAGENS FIXAS -  PESSOAL CIVIL;TESOURO;462.650,40;462.650,40;462.650,40
2022;08;30.10.3.3.71.70.15.127.0011.2.011.01.100190;Secretaria de Urbanismo e Sustentabilidade;URBANISMO;ORDENAMENTO TERRITORIAL;RATEIO PELA PARTICIPAÇÃO EM CONSÓRCIO PÚBLICO;TESOURO;-272.203,00;272.203,00;272.203,00
2022;08;30.10.3.3.90.30.15.127.0011.2.002.01.110000;Secretaria de Urbanismo e Sustentabilidade;URBANISMO;ORDENAMENTO TERRITORIAL;MATERIAL DE CONSUMO;TESOURO;1.620,95;1.198,82;10.429,71
2022;08;30.10.3.3.90.30.18.541.0011.2.052.03.100050;Secretaria de Urbanismo e Sustentabilidade;GESTÃO AMBIENTAL;PRESERVAÇÃO E CONSERVAÇÃO AMBIENTAL;MATERIAL DE CONSUMO;RECURSOS PROPRIOS DE FUNDOS ESPECIAIS DE DESPESA - VINCULADOS;4.620,00;1.280,00;1.280,00
2022;08;30.10.3.3.90.30.18.541.0011.2.052.96.100164;Secretaria de Urbanismo e Sustentabilidade;GESTÃO AMBIENTAL;PRESERVAÇÃO E CONSERVAÇÃO AMBIENTAL;MATERIAL DE CONSUMO;OUTRAS FONTES DE RECURSOS - EXERCÍCIO ANTERIOR;0,00;1.474,20;1.474,20
2022;08;30.10.3.3.90.36.15.127.0011.2.002.01.110000;Secretaria de Urbanismo e Sustentabilidade;URBANISMO;ORDENAMENTO TERRITORIAL;OUTROS SERVIÇOS DE TERCEIROS - PESSOA FÍSICA;TESOURO;576,30;27.983,15;27.983,15
2022;08;30.10.3.3.90.39.15.127.0011.2.002.01.110000;Secretaria de Urbanismo e Sustentabilidade;URBANISMO;ORDENAMENTO TERRITORIAL;OUTROS SERVIÇOS DE TERCEIROS -  PESSOA JURÍDICA;TESOURO;7.679,12;51.806,39;55.415,86
2022;08;30.10.3.3.90.39.15.127.0011.2.011.01.110000;Secretaria de Urbanismo e Sustentabilidade;URBANISMO;ORDENAMENTO TERRITORIAL;OUTROS SERVIÇOS DE TERCEIROS -  PESSOA JURÍDICA;TESOURO;138.646,64;594.965,32;594.965,32
2022;08;30.10.3.3.90.39.15.127.0011.2.011.03.100134;Secretaria de Urbanismo e Sustentabilidade;URBANISMO;ORDENAMENTO TERRITORIAL;OUTROS SERVIÇOS DE TERCEIROS -  PESSOA JURÍDICA;RECURSOS PROPRIOS DE FUNDOS ESPECIAIS DE DESPESA - VINCULADOS;0,00;29.647,06;29.647,06
2022;08;30.10.3.3.90.39.18.541.0011.2.052.03.100050;Secretaria de Urbanismo e Sustentabilidade;GESTÃO AMBIENTAL;PRESERVAÇÃO E CONSERVAÇÃO AMBIENTAL;OUTROS SERVIÇOS DE TERCEIROS -  PESSOA JURÍDICA;RECURSOS PROPRIOS DE FUNDOS ESPECIAIS DE DESPESA - VINCULADOS;0,00;0,00;3.906,39
2022;08;30.10.3.3.90.39.18.541.0011.2.052.03.100068;Secretaria de Urbanismo e Sustentabilidade;GESTÃO AMBIENTAL;PRESERVAÇÃO E CONSERVAÇÃO AMBIENTAL;OUTROS SERVIÇOS DE TERCEIROS -  PESSOA JURÍDICA;RECURSOS PROPRIOS DE FUNDOS ESPECIAIS DE DESPESA - VINCULADOS;0,00;12.000,00;8.000,00
2022;08;30.10.3.3.90.39.18.541.0011.2.052.93.100050;Secretaria de Urbanismo e Sustentabilidade;GESTÃO AMBIENTAL;PRESERVAÇÃO E CONSERVAÇÃO AMBIENTAL;OUTROS SERVIÇOS DE TERCEIROS -  PESSOA JURÍDICA;RECURSOS PROPRIOS DE FUNDOS ESPECIAIS DE DESPESA - VINCULADOS - EXERCÍCIO ANTERIOR;2.404,00;60.612,70;2.404,00
2022;08;30.10.3.3.90.39.18.541.0011.2.052.93.100068;Secretaria de Urbanismo e Sustentabilidade;GESTÃO AMBIENTAL;PRESERVAÇÃO E CONSERVAÇÃO AMBIENTAL;OUTROS SERVIÇOS DE TERCEIROS -  PESSOA JURÍDICA;RECURSOS PROPRIOS DE FUNDOS ESPECIAIS DE DESPESA - VINCULADOS - EXERCÍCIO ANTERIOR;0,00;0,00;84.833,33
2022;08;30.10.3.3.90.39.18.541.0011.2.052.95.100100;Secretaria de Urbanismo e Sustentabilidade;GESTÃO AMBIENTAL;PRESERVAÇÃO E CONSERVAÇÃO AMBIENTAL;OUTROS SERVIÇOS DE TERCEIROS -  PESSOA JURÍDICA;TRANSFERENCIAS E CONVENIOS FEDERAIS - VINCULADOS - EXERCÍCIO ANTERIOR;0,00;160.468,93;0,00
2022;08;30.10.3.3.90.39.18.541.0011.2.052.96.100164;Secretaria de Urbanismo e Sustentabilidade;GESTÃO AMBIENTAL;PRESERVAÇÃO E CONSERVAÇÃO AMBIENTAL;OUTROS SERVIÇOS DE TERCEIROS -  PESSOA JURÍDICA;OUTRAS FONTES DE RECURSOS - EXERCÍCIO ANTERIOR;0,00;6.420,00;6.420,00
2022;08;30.10.4.4.90.51.15.127.0011.2.011.95.100121;Secretaria de Urbanismo e Sustentabilidade;URBANISMO;ORDENAMENTO TERRITORIAL;OBRAS E INSTALAÇÕES;TRANSFERENCIAS E CONVENIOS FEDERAIS - VINCULADOS - EXERCÍCIO ANTERIOR;0,00;22.341,68;22.341,68
2022;08;30.10.4.4.90.51.18.541.0011.2.052.93.100050;Secretaria de Urbanismo e Sustentabilidade;GESTÃO AMBIENTAL;PRESERVAÇÃO E CONSERVAÇÃO AMBIENTAL;OBRAS E INSTALAÇÕES;RECURSOS PROPRIOS DE FUNDOS ESPECIAIS DE DESPESA - VINCULADOS - EXERCÍCIO ANTERIOR;300.000,00;37.499,34;37.499,34
2022;08;30.10.4.4.90.52.15.127.0011.2.002.01.110000;Secretaria de Urbanismo e Sustentabilidade;URBANISMO;ORDENAMENTO TERRITORIAL;EQUIPAMENTOS E MATERIAL PERMANENTE;TESOURO;289.702,18;0,00;0,00
2022;08;35.10.3.1.90.11.15.451.0002.2.002.01.110000;Secretaria de Gestão Habitacional e Obras;URBANISMO;INFRA-ESTRUTURA URBANA;VENCIMENTOS E VANTAGENS FIXAS -  PESSOAL CIVIL;TESOURO;308.776,97;308.776,97;308.776,97
2022;08;35.10.3.3.90.30.15.451.0002.2.002.01.110000;Secretaria de Gestão Habitacional e Obras;URBANISMO;INFRA-ESTRUTURA URBANA;MATERIAL DE CONSUMO;TESOURO;7.210,80;1.178,50;787,35
2022;08;35.10.3.3.90.36.15.451.0002.2.002.01.110000;Secretaria de Gestão Habitacional e Obras;URBANISMO;INFRA-ESTRUTURA URBANA;OUTROS SERVIÇOS DE TERCEIROS - PESSOA FÍSICA;TESOURO;0,00;15.524,00;14.990,57
2022;08;35.10.3.3.90.39.15.451.0002.1.003.03.100058;Secretaria de Gestão Habitacional e Obras;URBANISMO;INFRA-ESTRUTURA URBANA;OUTROS SERVIÇOS DE TERCEIROS -  PESSOA JURÍDICA;RECURSOS PROPRIOS DE FUNDOS ESPECIAIS DE DESPESA - VINCULADOS;21.408,39;21.408,39;21.408,39
2022;08;35.10.3.3.90.39.15.451.0002.1.003.05.100090;Secretaria de Gestão Habitacional e Obras;URBANISMO;INFRA-ESTRUTURA URBANA;OUTROS SERVIÇOS DE TERCEIROS -  PESSOA JURÍDICA;TRANSFERENCIAS E CONVENIOS FEDERAIS - VINCULADOS;439.895,39;23.500,00;23.500,00
2022;08;35.10.3.3.90.39.15.451.0002.2.002.01.110000;Secretaria de Gestão Habitacional e Obras;URBANISMO;INFRA-ESTRUTURA URBANA;OUTROS SERVIÇOS DE TERCEIROS -  PESSOA JURÍDICA;TESOURO;1.744.907,09;1.341.587,73;1.254.761,02
2022;08;35.10.3.3.90.39.26.451.0002.1.016.01.110000;Secretaria de Gestão Habitacional e Obras;TRANSPORTE;INFRA-ESTRUTURA URBANA;OUTROS SERVIÇOS DE TERCEIROS -  PESSOA JURÍDICA;TESOURO;8.118,89;396.693,50;237.359,19
2022;08;35.10.3.3.90.48.15.451.0002.2.002.01.110000;Secretaria de Gestão Habitacional e Obras;URBANISMO;INFRA-ESTRUTURA URBANA;OUTROS AUXÍLIOS FINANCEIROS A PESSOA FÍSICA;TESOURO;16.252,36;16.252,36;16.252,36
2022;08;35.10.3.3.90.92.15.451.0002.1.003.05.100090;Secretaria de Gestão Habitacional e Obras;URBANISMO;INFRA-ESTRUTURA URBANA;DESPESAS DE EXERCÍCIOS ANTERIORES;TRANSFERENCIAS E CONVENIOS FEDERAIS - VINCULADOS;150.369,80;37.495,64;37.495,64
2022;08;35.10.4.4.90.51.15.451.0002.1.003.01.100137;Secretaria de Gestão Habitacional e Obras;URBANISMO;INFRA-ESTRUTURA URBANA;OBRAS E INSTALAÇÕES;TESOURO;0,00;61.869,79;61.869,79
2022;08;35.10.4.4.90.51.15.451.0002.1.003.01.110000;Secretaria de Gestão Habitacional e Obras;URBANISMO;INFRA-ESTRUTURA URBANA;OBRAS E INSTALAÇÕES;TESOURO;-609.098,42;2.192.707,63;2.143.563,87
2022;08;35.10.4.4.90.51.15.451.0002.1.003.01.140000;Secretaria de Gestão Habitacional e Obras;URBANISMO;INFRA-ESTRUTURA URBANA;OBRAS E INSTALAÇÕES;TESOURO;481.778,45;798.435,83;799.354,91
2022;08;35.10.4.4.90.51.15.451.0002.1.003.02.100001;Secretaria de Gestão Habitacional e Obras;URBANISMO;INFRA-ESTRUTURA URBANA;OBRAS E INSTALAÇÕES;TRANSFERENCIAS E CONVENIOS ESTADUAIS - VINCULADOS;0,00;310.617,40;119.854,14
2022;08;35.10.4.4.90.51.26.451.0002.1.016.01.400000;Secretaria de Gestão Habitacional e Obras;TRANSPORTE;INFRA-ESTRUTURA URBANA;OBRAS E INSTALAÇÕES;TESOURO;0,00;8.289.212,14;4.569.123,70
2022;08;35.10.4.4.90.52.15.451.0002.2.002.01.110000;Secretaria de Gestão Habitacional e Obras;URBANISMO;INFRA-ESTRUTURA URBANA;EQUIPAMENTOS E MATERIAL PERMANENTE;TESOURO;192.543,30;420,00;19.351,58
2022;08;40.10.3.1.90.11.12.122.0003.2.064.01.110000;Secretaria de Educação e Cidadania;EDUCAÇÃO;ADMINISTRAÇÃO GERAL;VENCIMENTOS E VANTAGENS FIXAS -  PESSOAL CIVIL;TESOURO;47.929,04;47.929,04;47.929,04
2022;08;40.10.3.1.90.11.12.361.0003.2.012.01.220000;Secretaria de Educação e Cidadania;EDUCAÇÃO;ENSINO FUNDAMENTAL;VENCIMENTOS E VANTAGENS FIXAS -  PESSOAL CIVIL;TESOURO;667.352,75;667.352,75;667.352,75
2022;08;40.10.3.1.90.13.12.122.0003.2.064.01.110000;Secretaria de Educação e Cidadania;EDUCAÇÃO;ADMINISTRAÇÃO GERAL;OBRIGAÇÕES PATRONAIS;TESOURO;1.987,92;1.987,92;1.987,92
2022;08;40.10.3.1.90.13.12.361.0003.2.012.01.220000;Secretaria de Educação e Cidadania;EDUCAÇÃO;ENSINO FUNDAMENTAL;OBRIGAÇÕES PATRONAIS;TESOURO;35.641,74;35.641,74;35.641,74
2022;08;40.10.3.1.90.13.12.365.0003.2.054.01.213000;Secretaria de Educação e Cidadania;EDUCAÇÃO;EDUCAÇÃO INFANTIL;OBRIGAÇÕES PATRONAIS;TESOURO;2.310,10;2.310,10;2.310,10
2022;08;40.10.3.1.90.94.12.361.0003.2.012.01.220000;Secretaria de Educação e Cidadania;EDUCAÇÃO;ENSINO FUNDAMENTAL;INDENIZAÇÕES E RESTITUIÇÕES TRABALHISTAS;TESOURO;42.377,77;42.377,77;25.302,39
2022;08;40.10.3.1.90.94.12.365.0003.2.054.01.213000;Secretaria de Educação e Cidadania;EDUCAÇÃO;EDUCAÇÃO INFANTIL;INDENIZAÇÕES E RESTITUIÇÕES TRABALHISTAS;TESOURO;665,98;665,98;665,98
2022;08;40.10.3.1.91.13.12.122.0003.2.064.01.110000;Secretaria de Educação e Cidadania;EDUCAÇÃO;ADMINISTRAÇÃO GERAL;OBRIGAÇÕES PATRONAIS;TESOURO;0,00;0,00;2.149,38
2022;08;40.10.3.1.91.13.12.361.0003.2.012.01.220000;Secretaria de Educação e Cidadania;EDUCAÇÃO;ENSINO FUNDAMENTAL;OBRIGAÇÕES PATRONAIS;TESOURO;2.595,64;2.595,64;165.669,67
2022;08;40.10.3.1.91.13.12.361.0003.2.013.01.220000;Secretaria de Educação e Cidadania;EDUCAÇÃO;ENSINO FUNDAMENTAL;OBRIGAÇÕES PATRONAIS;TESOURO;2.729,26;2.729,26;2.729,26
2022;08;40.10.3.1.91.13.12.365.0003.2.054.01.212000;Secretaria de Educação e Cidadania;EDUCAÇÃO;EDUCAÇÃO INFANTIL;OBRIGAÇÕES PATRONAIS;TESOURO;91,97;91,97;91,97
2022;08;40.10.3.1.91.13.12.365.0003.2.054.01.213000;Secretaria de Educação e Cidadania;EDUCAÇÃO;EDUCAÇÃO INFANTIL;OBRIGAÇÕES PATRONAIS;TESOURO;3.316,65;3.316,65;3.316,65
2022;08;40.10.3.3.50.39.12.361.0003.2.013.01.220000;Secretaria de Educação e Cidadania;EDUCAÇÃO;ENSINO FUNDAMENTAL;OUTROS SERVIÇOS DE TERCEIROS -PESSOA JURÍDICA;TESOURO;-315.003,05;875.972,55;866.142,45
2022;08;40.10.3.3.50.39.12.365.0003.2.028.01.210000;Secretaria de Educação e Cidadania;EDUCAÇÃO;EDUCAÇÃO INFANTIL;OUTROS SERVIÇOS DE TERCEIROS -PESSOA JURÍDICA;TESOURO;1.055.853,43;48.427,80;0,00
2022;08;40.10.3.3.50.39.12.367.0003.2.017.01.240000;Secretaria de Educação e Cidadania;EDUCAÇÃO;EDUCAÇÃO ESPECIAL;OUTROS SERVIÇOS DE TERCEIROS -PESSOA JURÍDICA;TESOURO;0,00;826.169,20;413.084,60
2022;08;40.10.3.3.50.43.12.365.0003.2.028.01.210000;Secretaria de Educação e Cidadania;EDUCAÇÃO;EDUCAÇÃO INFANTIL;SUBVENÇÕES SOCIAIS;TESOURO;56.200,68;6.942.222,57;6.705.233,70
2022;08;40.10.3.3.90.08.12.122.0003.2.064.01.110000;Secretaria de Educação e Cidadania;EDUCAÇÃO;ADMINISTRAÇÃO GERAL;OUTROS BENEFÍCIOS ASSISTENCIAIS DO SERVIDOR E DO MILITAR;TESOURO;125,00;125,00;125,00
2022;08;40.10.3.3.90.08.12.361.0003.2.012.01.220000;Secretaria de Educação e Cidadania;EDUCAÇÃO;ENSINO FUNDAMENTAL;OUTROS BENEFÍCIOS ASSISTENCIAIS DO SERVIDOR E DO MILITAR;TESOURO;5.590,37;5.590,37;5.590,37
2022;08;40.10.3.3.90.08.12.361.0003.2.013.01.220000;Secretaria de Educação e Cidadania;EDUCAÇÃO;ENSINO FUNDAMENTAL;OUTROS BENEFÍCIOS ASSISTENCIAIS DO SERVIDOR E DO MILITAR;TESOURO;56.327,07;56.327,07;56.327,07
2022;08;40.10.3.3.90.08.12.365.0003.2.054.01.212000;Secretaria de Educação e Cidadania;EDUCAÇÃO;EDUCAÇÃO INFANTIL;OUTROS BENEFÍCIOS ASSISTENCIAIS DO SERVIDOR E DO MILITAR;TESOURO;9.323,59;9.323,59;9.323,59
2022;08;40.10.3.3.90.08.12.365.0003.2.054.01.213000;Secretaria de Educação e Cidadania;EDUCAÇÃO;EDUCAÇÃO INFANTIL;OUTROS BENEFÍCIOS ASSISTENCIAIS DO SERVIDOR E DO MILITAR;TESOURO;72.040,13;72.040,13;72.040,13
2022;08;40.10.3.3.90.08.12.367.0003.2.017.01.240000;Secretaria de Educação e Cidadania;EDUCAÇÃO;EDUCAÇÃO ESPECIAL;OUTROS BENEFÍCIOS ASSISTENCIAIS DO SERVIDOR E DO MILITAR;TESOURO;1.535,00;1.535,00;1.535,00
2022;08;40.10.3.3.90.14.12.361.0003.2.012.01.220000;Secretaria de Educação e Cidadania;EDUCAÇÃO;ENSINO FUNDAMENTAL;DIÁRIAS - PESSOAL CIVIL;TESOURO;0,00;0,00;1.000,00
2022;08;40.10.3.3.90.30.12.306.0003.2.025.05.280032;Secretaria de Educação e Cidadania;EDUCAÇÃO;ALIMENTAÇÃO E NUTRIÇÃO;MATERIAL DE CONSUMO;TRANSFERENCIAS E CONVENIOS FEDERAIS - VINCULADOS;0,00;39.717,87;120.652,19
2022;08;40.10.3.3.90.30.12.306.0003.2.025.05.281032;Secretaria de Educação e Cidadania;EDUCAÇÃO;ALIMENTAÇÃO E NUTRIÇÃO;MATERIAL DE CONSUMO;TRANSFERENCIAS E CONVENIOS FEDERAIS - VINCULADOS;0,00;427.628,44;1.532.590,44
2022;08;40.10.3.3.90.30.12.306.0003.2.025.05.282032;Secretaria de Educação e Cidadania;EDUCAÇÃO;ALIMENTAÇÃO E NUTRIÇÃO;MATERIAL DE CONSUMO;TRANSFERENCIAS E CONVENIOS FEDERAIS - VINCULADOS;0,00;717.564,28;2.458.852,00
2022;08;40.10.3.3.90.30.12.306.0003.2.025.05.284011;Secretaria de Educação e Cidadania;EDUCAÇÃO;ALIMENTAÇÃO E NUTRIÇÃO;MATERIAL DE CONSUMO;TRANSFERENCIAS E CONVENIOS FEDERAIS - VINCULADOS;-73.561,23;277.060,82;226.641,33
2022;08;40.10.3.3.90.30.12.306.0003.2.025.05.285011;Secretaria de Educação e Cidadania;EDUCAÇÃO;ALIMENTAÇÃO E NUTRIÇÃO;MATERIAL DE CONSUMO;TRANSFERENCIAS E CONVENIOS FEDERAIS - VINCULADOS;-237.356,74;99.176,40;89.284,44
2022;08;40.10.3.3.90.30.12.306.0003.2.025.95.284011;Secretaria de Educação e Cidadania;EDUCAÇÃO;ALIMENTAÇÃO E NUTRIÇÃO;MATERIAL DE CONSUMO;TRANSFERENCIAS E CONVENIOS FEDERAIS - VINCULADOS - EXERCÍCIO ANTERIOR;1.488.845,04;342.569,61;249.105,34
2022;08;40.10.3.3.90.30.12.361.0003.2.012.01.220000;Secretaria de Educação e Cidadania;EDUCAÇÃO;ENSINO FUNDAMENTAL;MATERIAL DE CONSUMO;TESOURO;143.654,44;826.929,46;829.064,82
2022;08;40.10.3.3.90.30.12.361.0003.2.013.01.220000;Secretaria de Educação e Cidadania;EDUCAÇÃO;ENSINO FUNDAMENTAL;MATERIAL DE CONSUMO;TESOURO;106.444,22;10.474.951,19;844.069,66
2022;08;40.10.3.3.90.30.12.361.0003.2.013.05.282032;Secretaria de Educação e Cidadania;EDUCAÇÃO;ENSINO FUNDAMENTAL;MATERIAL DE CONSUMO;TRANSFERENCIAS E CONVENIOS FEDERAIS - VINCULADOS;-9.337,55;5.300,24;25.160,23
2022;08;40.10.3.3.90.30.12.361.0003.2.013.95.282032;Secretaria de Educação e Cidadania;EDUCAÇÃO;ENSINO FUNDAMENTAL;MATERIAL DE CONSUMO;TRANSFERENCIAS E CONVENIOS FEDERAIS - VINCULADOS - EXERCÍCIO ANTERIOR;45.292,14;0,00;0,00
2022;08;40.10.3.3.90.30.12.365.0003.2.054.01.212000;Secretaria de Educação e Cidadania;EDUCAÇÃO;EDUCAÇÃO INFANTIL;MATERIAL DE CONSUMO;TESOURO;39.101,47;137.192,76;9.040,00
2022;08;40.10.3.3.90.30.12.365.0003.2.054.01.213000;Secretaria de Educação e Cidadania;EDUCAÇÃO;EDUCAÇÃO INFANTIL;MATERIAL DE CONSUMO;TESOURO;133.125,58;89.514,31;106.187,15
2022;08;40.10.3.3.90.30.12.365.0003.2.054.05.280032;Secretaria de Educação e Cidadania;EDUCAÇÃO;EDUCAÇÃO INFANTIL;MATERIAL DE CONSUMO;TRANSFERENCIAS E CONVENIOS FEDERAIS - VINCULADOS;-87.691,20;31.575,70;96.052,37
2022;08;40.10.3.3.90.30.12.366.0003.2.016.01.220000;Secretaria de Educação e Cidadania;EDUCAÇÃO;EDUCAÇÃO DE JOVENS E ADULTOS;MATERIAL DE CONSUMO;TESOURO;43.880,92;1.177,42;0,00
2022;08;40.10.3.3.90.36.12.361.0003.2.012.01.220000;Secretaria de Educação e Cidadania;EDUCAÇÃO;ENSINO FUNDAMENTAL;OUTROS SERVIÇOS DE TERCEIROS - PESSOA FÍSICA;TESOURO;18.387,48;18.387,48;18.387,48
2022;08;40.10.3.3.90.36.12.361.0003.2.013.01.220000;Secretaria de Educação e Cidadania;EDUCAÇÃO;ENSINO FUNDAMENTAL;OUTROS SERVIÇOS DE TERCEIROS - PESSOA FÍSICA;TESOURO;359.867,50;406.367,50;365.447,04
2022;08;40.10.3.3.90.36.12.361.0003.2.026.01.220000;Secretaria de Educação e Cidadania;EDUCAÇÃO;ENSINO FUNDAMENTAL;OUTROS SERVIÇOS DE TERCEIROS - PESSOA FÍSICA;TESOURO;613.000,00;0,00;0,00
2022;08;40.10.3.3.90.36.12.361.0003.2.026.02.220013;Secretaria de Educação e Cidadania;EDUCAÇÃO;ENSINO FUNDAMENTAL;OUTROS SERVIÇOS DE TERCEIROS - PESSOA FÍSICA;TRANSFERENCIAS E CONVENIOS ESTADUAIS - VINCULADOS;-98.152,94;838.654,65;844.697,61
2022;08;40.10.3.3.90.36.12.365.0003.2.054.01.212000;Secretaria de Educação e Cidadania;EDUCAÇÃO;EDUCAÇÃO INFANTIL;OUTROS SERVIÇOS DE TERCEIROS - PESSOA FÍSICA;TESOURO;66.955,58;66.955,58;66.955,58
2022;08;40.10.3.3.90.36.12.365.0003.2.054.01.213000;Secretaria de Educação e Cidadania;EDUCAÇÃO;EDUCAÇÃO INFANTIL;OUTROS SERVIÇOS DE TERCEIROS - PESSOA FÍSICA;TESOURO;441.291,65;428.713,92;427.125,98
2022;08;40.10.3.3.90.37.12.361.0003.2.012.01.220000;Secretaria de Educação e Cidadania;EDUCAÇÃO;ENSINO FUNDAMENTAL;LOCAÇÃO DE MÃO-DE-OBRA;TESOURO;0,00;269.375,02;179.313,52
2022;08;40.10.3.3.90.37.12.361.0003.2.013.01.220000;Secretaria de Educação e Cidadania;EDUCAÇÃO;ENSINO FUNDAMENTAL;LOCAÇÃO DE MÃO-DE-OBRA;TESOURO;-307.000,00;1.526.458,44;1.016.109,95
2022;08;40.10.3.3.90.37.12.365.0003.2.054.01.212000;Secretaria de Educação e Cidadania;EDUCAÇÃO;EDUCAÇÃO INFANTIL;LOCAÇÃO DE MÃO-DE-OBRA;TESOURO;0,00;987.708,41;657.482,91
2022;08;40.10.3.3.90.37.12.365.0003.2.054.01.213000;Secretaria de Educação e Cidadania;EDUCAÇÃO;EDUCAÇÃO INFANTIL;LOCAÇÃO DE MÃO-DE-OBRA;TESOURO;-985.984,00;1.706.041,78;1.135.652,29
2022;08;40.10.3.3.90.39.04.122.0003.2.053.01.220103;Secretaria de Educação e Cidadania;ADMINISTRAÇÃO;ADMINISTRAÇÃO GERAL;OUTROS SERVIÇOS DE TERCEIROS -  PESSOA JURÍDICA;TESOURO;13.000,00;1.487.550,41;1.487.550,41
2022;08;40.10.3.3.90.39.12.122.0003.2.064.01.110000;Secretaria de Educação e Cidadania;EDUCAÇÃO;ADMINISTRAÇÃO GERAL;OUTROS SERVIÇOS DE TERCEIROS -  PESSOA JURÍDICA;TESOURO;0,00;50.347,07;55.489,09
2022;08;40.10.3.3.90.39.12.306.0003.2.025.05.280032;Secretaria de Educação e Cidadania;EDUCAÇÃO;ALIMENTAÇÃO E NUTRIÇÃO;OUTROS SERVIÇOS DE TERCEIROS -  PESSOA JURÍDICA;TRANSFERENCIAS E CONVENIOS FEDERAIS - VINCULADOS;0,00;41.339,01;125.576,76
2022;08;40.10.3.3.90.39.12.306.0003.2.025.05.281032;Secretaria de Educação e Cidadania;EDUCAÇÃO;ALIMENTAÇÃO E NUTRIÇÃO;OUTROS SERVIÇOS DE TERCEIROS -  PESSOA JURÍDICA;TRANSFERENCIAS E CONVENIOS FEDERAIS - VINCULADOS;0,00;445.082,66;1.595.145,16
2022;08;40.10.3.3.90.39.12.306.0003.2.025.05.282032;Secretaria de Educação e Cidadania;EDUCAÇÃO;ALIMENTAÇÃO E NUTRIÇÃO;OUTROS SERVIÇOS DE TERCEIROS -  PESSOA JURÍDICA;TRANSFERENCIAS E CONVENIOS FEDERAIS - VINCULADOS;0,00;746.852,62;2.559.213,31
2022;08;40.10.3.3.90.39.12.361.0003.2.007.01.220000;Secretaria de Educação e Cidadania;EDUCAÇÃO;ENSINO FUNDAMENTAL;OUTROS SERVIÇOS DE TERCEIROS -  PESSOA JURÍDICA;TESOURO;55.000,00;1.057.032,19;876.908,87
2022;08;40.10.3.3.90.39.12.361.0003.2.012.01.220000;Secretaria de Educação e Cidadania;EDUCAÇÃO;ENSINO FUNDAMENTAL;OUTROS SERVIÇOS DE TERCEIROS -  PESSOA JURÍDICA;TESOURO;1.712.309,61;400.957,94;377.083,36
2022;08;40.10.3.3.90.39.12.361.0003.2.013.01.220000;Secretaria de Educação e Cidadania;EDUCAÇÃO;ENSINO FUNDAMENTAL;OUTROS SERVIÇOS DE TERCEIROS -  PESSOA JURÍDICA;TESOURO;7.495.680,49;4.307.584,61;4.402.120,12
2022;08;40.10.3.3.90.39.12.361.0003.2.013.05.282032;Secretaria de Educação e Cidadania;EDUCAÇÃO;ENSINO FUNDAMENTAL;OUTROS SERVIÇOS DE TERCEIROS -  PESSOA JURÍDICA;TRANSFERENCIAS E CONVENIOS FEDERAIS - VINCULADOS;11.778,44;1.693,00;1.693,00
2022;08;40.10.3.3.90.39.12.361.0003.2.026.01.220000;Secretaria de Educação e Cidadania;EDUCAÇÃO;ENSINO FUNDAMENTAL;OUTROS SERVIÇOS DE TERCEIROS -  PESSOA JURÍDICA;TESOURO;33.226,00;39.083,82;56.166,35
2022;08;40.10.3.3.90.39.12.361.0003.2.026.02.220013;Secretaria de Educação e Cidadania;EDUCAÇÃO;ENSINO FUNDAMENTAL;OUTROS SERVIÇOS DE TERCEIROS -  PESSOA JURÍDICA;TRANSFERENCIAS E CONVENIOS ESTADUAIS - VINCULADOS;2.853.045,36;1.121.761,25;738.185,75
2022;08;40.10.3.3.90.39.12.365.0003.2.054.01.212000;Secretaria de Educação e Cidadania;EDUCAÇÃO;EDUCAÇÃO INFANTIL;OUTROS SERVIÇOS DE TERCEIROS -  PESSOA JURÍDICA;TESOURO;2.565.624,72;1.288.712,51;1.539.109,38
2022;08;40.10.3.3.90.39.12.365.0003.2.054.01.213000;Secretaria de Educação e Cidadania;EDUCAÇÃO;EDUCAÇÃO INFANTIL;OUTROS SERVIÇOS DE TERCEIROS -  PESSOA JURÍDICA;TESOURO;397.720,00;1.642.250,97;2.192.347,34
2022;08;40.10.3.3.90.39.12.367.0003.2.017.01.240000;Secretaria de Educação e Cidadania;EDUCAÇÃO;EDUCAÇÃO ESPECIAL;OUTROS SERVIÇOS DE TERCEIROS -  PESSOA JURÍDICA;TESOURO;4.150,00;3.570,00;3.570,00
2022;08;40.10.3.3.90.39.13.392.0003.2.057.01.220108;Secretaria de Educação e Cidadania;CULTURA;DIFUSÃO CULTURAL;OUTROS SERVIÇOS DE TERCEIROS -  PESSOA JURÍDICA;TESOURO;0,00;4.898,15;0,00
2022;08;40.10.3.3.90.40.12.361.0003.2.012.01.220000;Secretaria de Educação e Cidadania;EDUCAÇÃO;ENSINO FUNDAMENTAL;SERVIÇOS DE TECNOLOGIA DA INFORMAÇÃO E COMUNICAÇÃO - PJ;TESOURO;468.437,50;1.241.103,24;1.769.601,00
2022;08;40.10.3.3.90.46.12.122.0003.2.064.01.110000;Secretaria de Educação e Cidadania;EDUCAÇÃO;ADMINISTRAÇÃO GERAL;AUXÍLIO ALIMENTAÇÃO;TESOURO;682,00;682,00;682,00
2022;08;40.10.3.3.90.46.12.361.0003.2.012.01.220000;Secretaria de Educação e Cidadania;EDUCAÇÃO;ENSINO FUNDAMENTAL;AUXÍLIO ALIMENTAÇÃO;TESOURO;53.989,00;53.989,00;53.989,00
2022;08;40.10.3.3.90.46.12.361.0003.2.013.01.220000;Secretaria de Educação e Cidadania;EDUCAÇÃO;ENSINO FUNDAMENTAL;AUXÍLIO ALIMENTAÇÃO;TESOURO;775.372,00;775.372,00;775.372,00
2022;08;40.10.3.3.90.46.12.365.0003.2.054.01.212000;Secretaria de Educação e Cidadania;EDUCAÇÃO;EDUCAÇÃO INFANTIL;AUXÍLIO ALIMENTAÇÃO;TESOURO;121.671,00;121.671,00;121.671,00
2022;08;40.10.3.3.90.46.12.365.0003.2.054.01.213000;Secretaria de Educação e Cidadania;EDUCAÇÃO;EDUCAÇÃO INFANTIL;AUXÍLIO ALIMENTAÇÃO;TESOURO;846.723,00;846.723,00;846.723,00
2022;08;40.10.3.3.90.46.12.367.0003.2.017.01.240000;Secretaria de Educação e Cidadania;EDUCAÇÃO;EDUCAÇÃO ESPECIAL;AUXÍLIO ALIMENTAÇÃO;TESOURO;18.282,00;18.282,00;18.282,00
2022;08;40.10.3.3.90.92.12.361.0003.2.007.01.220000;Secretaria de Educação e Cidadania;EDUCAÇÃO;ENSINO FUNDAMENTAL;DESPESAS DE EXERCÍCIOS ANTERIORES;TESOURO;0,00;175.158,67;103.860,12
2022;08;40.10.3.3.90.93.12.361.0003.2.012.05.282032;Secretaria de Educação e Cidadania;EDUCAÇÃO;ENSINO FUNDAMENTAL;INDENIZAÇÕES E RESTITUIÇÕES;TRANSFERENCIAS E CONVENIOS FEDERAIS - VINCULADOS;0,00;0,00;23.836,66
2022;08;40.10.3.3.90.93.12.361.0003.2.026.02.220013;Secretaria de Educação e Cidadania;EDUCAÇÃO;ENSINO FUNDAMENTAL;INDENIZAÇÕES E RESTITUIÇÕES;TRANSFERENCIAS E CONVENIOS ESTADUAIS - VINCULADOS;303.794,04;303.794,04;303.794,04
2022;08;40.10.3.3.91.39.12.361.0003.2.013.01.220000;Secretaria de Educação e Cidadania;EDUCAÇÃO;ENSINO FUNDAMENTAL;OUTROS SERVIÇOS DE TERCEIROS -  PESSOA JURÍDICA - INTRA-ORÇAMENTÁRIO;TESOURO;0,00;1.880.239,36;1.883.799,36
2022;08;40.10.4.4.90.51.12.361.0003.1.015.01.220000;Secretaria de Educação e Cidadania;EDUCAÇÃO;ENSINO FUNDAMENTAL;OBRAS E INSTALAÇÕES;TESOURO;0,00;0,00;52.619,72
2022;08;40.10.4.4.90.51.12.361.0003.1.015.05.282032;Secretaria de Educação e Cidadania;EDUCAÇÃO;ENSINO FUNDAMENTAL;OBRAS E INSTALAÇÕES;TRANSFERENCIAS E CONVENIOS FEDERAIS - VINCULADOS;191.841,50;0,00;61.073,60
2022;08;40.10.4.4.90.52.12.306.0003.2.025.05.282032;Secretaria de Educação e Cidadania;EDUCAÇÃO;ALIMENTAÇÃO E NUTRIÇÃO;EQUIPAMENTOS E MATERIAL PERMANENTE;TRANSFERENCIAS E CONVENIOS FEDERAIS - VINCULADOS;99.076,03;0,00;0,00
2022;08;40.10.4.4.90.52.12.306.0003.2.025.95.280032;Secretaria de Educação e Cidadania;EDUCAÇÃO;ALIMENTAÇÃO E NUTRIÇÃO;EQUIPAMENTOS E MATERIAL PERMANENTE;TRANSFERENCIAS E CONVENIOS FEDERAIS - VINCULADOS - EXERCÍCIO ANTERIOR;116.697,26;0,00;0,00
2022;08;40.10.4.4.90.52.12.306.0003.2.025.95.281032;Secretaria de Educação e Cidadania;EDUCAÇÃO;ALIMENTAÇÃO E NUTRIÇÃO;EQUIPAMENTOS E MATERIAL PERMANENTE;TRANSFERENCIAS E CONVENIOS FEDERAIS - VINCULADOS - EXERCÍCIO ANTERIOR;72.044,80;0,00;26.153,32
2022;08;40.10.4.4.90.52.12.361.0003.2.013.01.220000;Secretaria de Educação e Cidadania;EDUCAÇÃO;ENSINO FUNDAMENTAL;EQUIPAMENTOS E MATERIAL PERMANENTE;TESOURO;-477.080,01;1.734.046,08;2.261.315,97
2022;08;40.10.4.4.90.52.12.365.0003.2.054.01.212000;Secretaria de Educação e Cidadania;EDUCAÇÃO;EDUCAÇÃO INFANTIL;EQUIPAMENTOS E MATERIAL PERMANENTE;TESOURO;0,00;0,00;275.091,60
2022;08;40.10.4.4.90.52.12.365.0003.2.054.01.213000;Secretaria de Educação e Cidadania;EDUCAÇÃO;EDUCAÇÃO INFANTIL;EQUIPAMENTOS E MATERIAL PERMANENTE;TESOURO;16.759,42;164.946,30;305.910,20
2022;08;40.10.4.4.90.52.13.392.0003.2.057.01.220108;Secretaria de Educação e Cidadania;CULTURA;DIFUSÃO CULTURAL;EQUIPAMENTOS E MATERIAL PERMANENTE;TESOURO;4.903,39;3.016,18;3.016,18
2022;08;40.20.3.1.90.04.12.361.0003.2.021.02.261000;Secretaria de Educação e Cidadania;EDUCAÇÃO;ENSINO FUNDAMENTAL;CONTRATAÇÃO POR TEMPO DETERMINADO;TRANSFERENCIAS E CONVENIOS ESTADUAIS - VINCULADOS;2.631.139,95;2.631.139,95;2.631.139,95
2022;08;40.20.3.1.90.04.12.365.0003.2.022.02.272000;Secretaria de Educação e Cidadania;EDUCAÇÃO;EDUCAÇÃO INFANTIL;CONTRATAÇÃO POR TEMPO DETERMINADO;TRANSFERENCIAS E CONVENIOS ESTADUAIS - VINCULADOS;1.512.220,88;1.512.220,88;1.512.220,88
2022;08;40.20.3.1.90.04.12.365.0003.2.023.02.271000;Secretaria de Educação e Cidadania;EDUCAÇÃO;EDUCAÇÃO INFANTIL;CONTRATAÇÃO POR TEMPO DETERMINADO;TRANSFERENCIAS E CONVENIOS ESTADUAIS - VINCULADOS;115.592,18;115.592,18;115.592,18
2022;08;40.20.3.1.90.04.12.367.0003.2.061.02.261000;Secretaria de Educação e Cidadania;EDUCAÇÃO;EDUCAÇÃO ESPECIAL;CONTRATAÇÃO POR TEMPO DETERMINADO;TRANSFERENCIAS E CONVENIOS ESTADUAIS - VINCULADOS;6.528,59;6.528,59;6.528,59
2022;08;40.20.3.1.90.11.12.361.0003.2.021.02.261000;Secretaria de Educação e Cidadania;EDUCAÇÃO;ENSINO FUNDAMENTAL;VENCIMENTOS E VANTAGENS FIXAS -  PESSOAL CIVIL;TRANSFERENCIAS E CONVENIOS ESTADUAIS - VINCULADOS;10.061.974,29;10.061.974,29;10.061.974,29
2022;08;40.20.3.1.90.11.12.365.0003.2.022.02.272000;Secretaria de Educação e Cidadania;EDUCAÇÃO;EDUCAÇÃO INFANTIL;VENCIMENTOS E VANTAGENS FIXAS -  PESSOAL CIVIL;TRANSFERENCIAS E CONVENIOS ESTADUAIS - VINCULADOS;8.033.433,32;8.033.433,32;8.033.433,32
2022;08;40.20.3.1.90.11.12.365.0003.2.023.02.271000;Secretaria de Educação e Cidadania;EDUCAÇÃO;EDUCAÇÃO INFANTIL;VENCIMENTOS E VANTAGENS FIXAS -  PESSOAL CIVIL;TRANSFERENCIAS E CONVENIOS ESTADUAIS - VINCULADOS;1.147.702,10;1.147.702,10;1.147.702,10
2022;08;40.20.3.1.90.11.12.367.0003.2.061.02.261000;Secretaria de Educação e Cidadania;EDUCAÇÃO;EDUCAÇÃO ESPECIAL;VENCIMENTOS E VANTAGENS FIXAS -  PESSOAL CIVIL;TRANSFERENCIAS E CONVENIOS ESTADUAIS - VINCULADOS;329.331,88;329.331,88;329.331,88
2022;08;40.20.3.1.90.13.12.361.0003.2.021.02.261000;Secretaria de Educação e Cidadania;EDUCAÇÃO;ENSINO FUNDAMENTAL;OBRIGAÇÕES PATRONAIS;TRANSFERENCIAS E CONVENIOS ESTADUAIS - VINCULADOS;755.547,72;755.547,72;755.547,72
2022;08;40.20.3.1.90.13.12.365.0003.2.022.02.272000;Secretaria de Educação e Cidadania;EDUCAÇÃO;EDUCAÇÃO INFANTIL;OBRIGAÇÕES PATRONAIS;TRANSFERENCIAS E CONVENIOS ESTADUAIS - VINCULADOS;442.128,67;442.128,67;442.128,67
2022;08;40.20.3.1.90.13.12.365.0003.2.023.02.271000;Secretaria de Educação e Cidadania;EDUCAÇÃO;EDUCAÇÃO INFANTIL;OBRIGAÇÕES PATRONAIS;TRANSFERENCIAS E CONVENIOS ESTADUAIS - VINCULADOS;28.719,86;28.719,86;28.719,86
2022;08;40.20.3.1.90.13.12.367.0003.2.061.02.261000;Secretaria de Educação e Cidadania;EDUCAÇÃO;EDUCAÇÃO ESPECIAL;OBRIGAÇÕES PATRONAIS;TRANSFERENCIAS E CONVENIOS ESTADUAIS - VINCULADOS;1.775,58;1.775,58;1.775,58
2022;08;40.20.3.1.90.16.12.361.0003.2.021.02.261000;Secretaria de Educação e Cidadania;EDUCAÇÃO;ENSINO FUNDAMENTAL;OUTRAS DESPESAS VARIÁVEIS - PESSOAL CIVIL;TRANSFERENCIAS E CONVENIOS ESTADUAIS - VINCULADOS;738.033,79;738.033,79;738.033,79
2022;08;40.20.3.1.90.16.12.365.0003.2.022.02.272000;Secretaria de Educação e Cidadania;EDUCAÇÃO;EDUCAÇÃO INFANTIL;OUTRAS DESPESAS VARIÁVEIS - PESSOAL CIVIL;TRANSFERENCIAS E CONVENIOS ESTADUAIS - VINCULADOS;219.487,92;219.487,92;219.487,92
2022;08;40.20.3.1.90.16.12.365.0003.2.023.02.271000;Secretaria de Educação e Cidadania;EDUCAÇÃO;EDUCAÇÃO INFANTIL;OUTRAS DESPESAS VARIÁVEIS - PESSOAL CIVIL;TRANSFERENCIAS E CONVENIOS ESTADUAIS - VINCULADOS;23.758,74;23.758,74;23.758,74
2022;08;40.20.3.1.90.16.12.367.0003.2.061.02.261000;Secretaria de Educação e Cidadania;EDUCAÇÃO;EDUCAÇÃO ESPECIAL;OUTRAS DESPESAS VARIÁVEIS - PESSOAL CIVIL;TRANSFERENCIAS E CONVENIOS ESTADUAIS - VINCULADOS;5.637,00;5.637,00;5.637,00
2022;08;40.20.3.1.90.94.12.361.0003.2.021.02.261000;Secretaria de Educação e Cidadania;EDUCAÇÃO;ENSINO FUNDAMENTAL;INDENIZAÇÕES E RESTITUIÇÕES TRABALHISTAS;TRANSFERENCIAS E CONVENIOS ESTADUAIS - VINCULADOS;156.952,09;156.952,09;176.266,62
2022;08;40.20.3.1.90.94.12.365.0003.2.022.02.272000;Secretaria de Educação e Cidadania;EDUCAÇÃO;EDUCAÇÃO INFANTIL;INDENIZAÇÕES E RESTITUIÇÕES TRABALHISTAS;TRANSFERENCIAS E CONVENIOS ESTADUAIS - VINCULADOS;69.010,63;69.010,63;77.047,78
2022;08;40.20.3.1.91.13.12.361.0003.2.021.02.261000;Secretaria de Educação e Cidadania;EDUCAÇÃO;ENSINO FUNDAMENTAL;OBRIGAÇÕES PATRONAIS;TRANSFERENCIAS E CONVENIOS ESTADUAIS - VINCULADOS;5.328,87;5.328,87;2.289.132,12
2022;08;40.20.3.1.91.13.12.365.0003.2.022.02.272000;Secretaria de Educação e Cidadania;EDUCAÇÃO;EDUCAÇÃO INFANTIL;OBRIGAÇÕES PATRONAIS;TRANSFERENCIAS E CONVENIOS ESTADUAIS - VINCULADOS;5.492,99;5.492,99;1.958.058,04
2022;08;40.20.3.1.91.13.12.365.0003.2.023.02.271000;Secretaria de Educação e Cidadania;EDUCAÇÃO;EDUCAÇÃO INFANTIL;OBRIGAÇÕES PATRONAIS;TRANSFERENCIAS E CONVENIOS ESTADUAIS - VINCULADOS;698,30;698,30;286.720,98
2022;08;40.20.3.1.91.13.12.367.0003.2.061.02.261000;Secretaria de Educação e Cidadania;EDUCAÇÃO;EDUCAÇÃO ESPECIAL;OBRIGAÇÕES PATRONAIS;TRANSFERENCIAS E CONVENIOS ESTADUAIS - VINCULADOS;0,00;0,00;80.101,50
2022;08;40.20.3.3.50.39.12.367.0003.2.061.02.262000;Secretaria de Educação e Cidadania;EDUCAÇÃO;EDUCAÇÃO ESPECIAL;OUTROS SERVIÇOS DE TERCEIROS -PESSOA JURÍDICA;TRANSFERENCIAS E CONVENIOS ESTADUAIS - VINCULADOS;0,00;1.055.200,34;527.600,17
2022;08;40.20.3.3.90.30.12.361.0003.2.021.02.262000;Secretaria de Educação e Cidadania;EDUCAÇÃO;ENSINO FUNDAMENTAL;MATERIAL DE CONSUMO;TRANSFERENCIAS E CONVENIOS ESTADUAIS - VINCULADOS;272.635,00;1.268.435,71;1.132.904,16
2022;08;40.20.3.3.90.30.12.365.0003.2.022.02.274000;Secretaria de Educação e Cidadania;EDUCAÇÃO;EDUCAÇÃO INFANTIL;MATERIAL DE CONSUMO;TRANSFERENCIAS E CONVENIOS ESTADUAIS - VINCULADOS;0,00;228.252,77;39.796,76
2022;08;40.20.3.3.90.30.12.367.0003.2.061.02.262000;Secretaria de Educação e Cidadania;EDUCAÇÃO;EDUCAÇÃO ESPECIAL;MATERIAL DE CONSUMO;TRANSFERENCIAS E CONVENIOS ESTADUAIS - VINCULADOS;10.656,00;0,00;0,00
2022;08;40.20.3.3.90.39.12.361.0003.2.021.02.262000;Secretaria de Educação e Cidadania;EDUCAÇÃO;ENSINO FUNDAMENTAL;OUTROS SERVIÇOS DE TERCEIROS -  PESSOA JURÍDICA;TRANSFERENCIAS E CONVENIOS ESTADUAIS - VINCULADOS;1.548.965,86;0,00;0,00
2022;08;40.20.3.3.90.39.12.365.0003.2.022.02.274000;Secretaria de Educação e Cidadania;EDUCAÇÃO;EDUCAÇÃO INFANTIL;OUTROS SERVIÇOS DE TERCEIROS -  PESSOA JURÍDICA;TRANSFERENCIAS E CONVENIOS ESTADUAIS - VINCULADOS;3.144.201,68;0,00;0,00
2022;08;40.20.3.3.90.39.12.365.0003.2.023.02.273000;Secretaria de Educação e Cidadania;EDUCAÇÃO;EDUCAÇÃO INFANTIL;OUTROS SERVIÇOS DE TERCEIROS -  PESSOA JURÍDICA;TRANSFERENCIAS E CONVENIOS ESTADUAIS - VINCULADOS;510.841,95;0,00;0,00
2022;08;40.20.3.3.90.40.12.361.0003.2.021.02.262000;Secretaria de Educação e Cidadania;EDUCAÇÃO;ENSINO FUNDAMENTAL;SERVIÇOS DE TECNOLOGIA DA INFORMAÇÃO E COMUNICAÇÃO - PJ;TRANSFERENCIAS E CONVENIOS ESTADUAIS - VINCULADOS;0,00;27.900,00;55.800,00
2022;08;40.20.4.4.90.51.12.361.0003.1.015.02.262000;Secretaria de Educação e Cidadania;EDUCAÇÃO;ENSINO FUNDAMENTAL;OBRAS E INSTALAÇÕES;TRANSFERENCIAS E CONVENIOS ESTADUAIS - VINCULADOS;-20.850,79;1.512.239,23;1.482.090,54
2022;08;40.20.4.4.90.51.12.365.0003.1.014.02.273000;Secretaria de Educação e Cidadania;EDUCAÇÃO;EDUCAÇÃO INFANTIL;OBRAS E INSTALAÇÕES;TRANSFERENCIAS E CONVENIOS ESTADUAIS - VINCULADOS;0,00;350.671,01;491.667,80
2022;08;40.20.4.4.90.51.12.365.0003.1.014.02.274000;Secretaria de Educação e Cidadania;EDUCAÇÃO;EDUCAÇÃO INFANTIL;OBRAS E INSTALAÇÕES;TRANSFERENCIAS E CONVENIOS ESTADUAIS - VINCULADOS;-105.535,41;249.094,94;70.663,42
2022;08;40.20.4.4.90.52.12.361.0003.2.021.02.262000;Secretaria de Educação e Cidadania;EDUCAÇÃO;ENSINO FUNDAMENTAL;EQUIPAMENTOS E MATERIAL PERMANENTE;TRANSFERENCIAS E CONVENIOS ESTADUAIS - VINCULADOS;0,00;2.480.000,00;0,00
2022;08;40.20.4.4.90.52.12.365.0003.2.022.02.274000;Secretaria de Educação e Cidadania;EDUCAÇÃO;EDUCAÇÃO INFANTIL;EQUIPAMENTOS E MATERIAL PERMANENTE;TRANSFERENCIAS E CONVENIOS ESTADUAIS - VINCULADOS;6.143.638,16;5.752.189,66;0,00
2022;08;45.10.3.1.90.11.27.812.0004.2.002.01.110000;Secretaria de Esporte e Qualidade de Vida;DESPORTO E LAZER;DESPORTO COMUNITÁRIO;VENCIMENTOS E VANTAGENS FIXAS -  PESSOAL CIVIL;TESOURO;625.489,78;625.489,78;625.489,78
2022;08;45.10.3.3.50.39.27.812.0004.2.029.01.110000;Secretaria de Esporte e Qualidade de Vida;DESPORTO E LAZER;DESPORTO COMUNITÁRIO;OUTROS SERVIÇOS DE TERCEIROS -PESSOA JURÍDICA;TESOURO;42.981,60;69.684,55;42.464,92
2022;08;45.10.3.3.50.39.27.812.0004.2.029.05.100204;Secretaria de Esporte e Qualidade de Vida;DESPORTO E LAZER;DESPORTO COMUNITÁRIO;OUTROS SERVIÇOS DE TERCEIROS -PESSOA JURÍDICA;TRANSFERENCIAS E CONVENIOS FEDERAIS - VINCULADOS;500.000,00;0,00;0,00
2022;08;45.10.3.3.90.30.27.812.0004.2.029.01.110000;Secretaria de Esporte e Qualidade de Vida;DESPORTO E LAZER;DESPORTO COMUNITÁRIO;MATERIAL DE CONSUMO;TESOURO;100.325,30;119.933,06;56.771,23
2022;08;45.10.3.3.90.30.27.812.0004.2.063.01.110000;Secretaria de Esporte e Qualidade de Vida;DESPORTO E LAZER;DESPORTO COMUNITÁRIO;MATERIAL DE CONSUMO;TESOURO;0,00;24.570,00;50.070,00
2022;08;45.10.3.3.90.34.27.812.0004.2.002.01.110000;Secretaria de Esporte e Qualidade de Vida;DESPORTO E LAZER;DESPORTO COMUNITÁRIO;OUTRAS DESPESAS DE PESSOAL DECORRENTES DE CONTRATOS DE TERCEIRIZAÇÃO;TESOURO;0,00;15.089,57;15.089,57
2022;08;45.10.3.3.90.36.27.812.0004.2.002.01.110000;Secretaria de Esporte e Qualidade de Vida;DESPORTO E LAZER;DESPORTO COMUNITÁRIO;OUTROS SERVIÇOS DE TERCEIROS - PESSOA FÍSICA;TESOURO;0,00;9.888,77;9.888,77
2022;08;45.10.3.3.90.36.27.812.0004.2.029.01.110000;Secretaria de Esporte e Qualidade de Vida;DESPORTO E LAZER;DESPORTO COMUNITÁRIO;OUTROS SERVIÇOS DE TERCEIROS - PESSOA FÍSICA;TESOURO;133.458,29;138.808,29;135.717,99
2022;08;45.10.3.3.90.39.27.812.0004.2.002.01.110000;Secretaria de Esporte e Qualidade de Vida;DESPORTO E LAZER;DESPORTO COMUNITÁRIO;OUTROS SERVIÇOS DE TERCEIROS -  PESSOA JURÍDICA;TESOURO;5.339,14;3.649,85;3.489,85
2022;08;45.10.3.3.90.39.27.812.0004.2.029.01.110000;Secretaria de Esporte e Qualidade de Vida;DESPORTO E LAZER;DESPORTO COMUNITÁRIO;OUTROS SERVIÇOS DE TERCEIROS -  PESSOA JURÍDICA;TESOURO;218.821,61;218.614,50;136.853,14
2022;08;45.10.3.3.90.39.27.812.0004.2.029.03.100195;Secretaria de Esporte e Qualidade de Vida;DESPORTO E LAZER;DESPORTO COMUNITÁRIO;OUTROS SERVIÇOS DE TERCEIROS -  PESSOA JURÍDICA;RECURSOS PROPRIOS DE FUNDOS ESPECIAIS DE DESPESA - VINCULADOS;0,00;729.214,25;614.805,20
2022;08;45.10.3.3.90.39.27.812.0004.2.063.01.110000;Secretaria de Esporte e Qualidade de Vida;DESPORTO E LAZER;DESPORTO COMUNITÁRIO;OUTROS SERVIÇOS DE TERCEIROS -  PESSOA JURÍDICA;TESOURO;764.829,61;1.055.760,91;427.508,04
2022;08;45.10.3.3.90.48.27.812.0004.2.029.03.100195;Secretaria de Esporte e Qualidade de Vida;DESPORTO E LAZER;DESPORTO COMUNITÁRIO;OUTROS AUXÍLIOS FINANCEIROS A PESSOA FÍSICA;RECURSOS PROPRIOS DE FUNDOS ESPECIAIS DE DESPESA - VINCULADOS;0,00;30.075,86;25.075,86
2022;08;45.10.3.3.90.48.27.812.0004.2.063.01.110000;Secretaria de Esporte e Qualidade de Vida;DESPORTO E LAZER;DESPORTO COMUNITÁRIO;OUTROS AUXÍLIOS FINANCEIROS A PESSOA FÍSICA;TESOURO;1.073.084,18;1.073.084,18;490.997,34
2022;08;45.10.3.3.90.92.27.812.0004.2.002.01.110000;Secretaria de Esporte e Qualidade de Vida;DESPORTO E LAZER;DESPORTO COMUNITÁRIO;DESPESAS DE EXERCÍCIOS ANTERIORES;TESOURO;3.256,20;3.256,20;245,68
2022;08;45.10.4.4.90.51.27.812.0004.2.029.01.110000;Secretaria de Esporte e Qualidade de Vida;DESPORTO E LAZER;DESPORTO COMUNITÁRIO;OBRAS E INSTALAÇÕES;TESOURO;0,00;314.062,37;314.062,37
2022;08;45.10.4.4.90.52.27.812.0004.2.002.01.110000;Secretaria de Esporte e Qualidade de Vida;DESPORTO E LAZER;DESPORTO COMUNITÁRIO;EQUIPAMENTOS E MATERIAL PERMANENTE;TESOURO;18.181,80;95.298,50;23.599,00
2022;08;45.10.4.4.90.52.27.812.0004.2.063.01.110000;Secretaria de Esporte e Qualidade de Vida;DESPORTO E LAZER;DESPORTO COMUNITÁRIO;EQUIPAMENTOS E MATERIAL PERMANENTE;TESOURO;279,30;96.855,01;144.198,90
2022;08;50.10.3.1.90.11.08.244.0005.2.002.01.510000;Secretaria de Apoio Social ao Cidadão;ASSISTÊNCIA SOCIAL;ASSISTÊNCIA COMUNITÁRIA;VENCIMENTOS E VANTAGENS FIXAS -  PESSOAL CIVIL;TESOURO;921.999,28;921.999,28;921.999,28
2022;08;50.10.3.3.50.39.08.244.0005.2.031.01.510000;Secretaria de Apoio Social ao Cidadão;ASSISTÊNCIA SOCIAL;ASSISTÊNCIA COMUNITÁRIA;OUTROS SERVIÇOS DE TERCEIROS -PESSOA JURÍDICA;TESOURO;5.018.464,65;1.464.300,25;1.096.139,76
2022;08;50.10.3.3.50.43.08.244.0005.2.031.01.510000;Secretaria de Apoio Social ao Cidadão;ASSISTÊNCIA SOCIAL;ASSISTÊNCIA COMUNITÁRIA;SUBVENÇÕES SOCIAIS;TESOURO;-426.100,08;7.449.056,59;5.452.148,30
2022;08;50.10.3.3.50.43.08.244.0005.2.031.02.500041;Secretaria de Apoio Social ao Cidadão;ASSISTÊNCIA SOCIAL;ASSISTÊNCIA COMUNITÁRIA;SUBVENÇÕES SOCIAIS;TRANSFERENCIAS E CONVENIOS ESTADUAIS - VINCULADOS;0,00;183.640,00;124.120,00
2022;08;50.10.3.3.50.43.08.244.0005.2.031.03.500193;Secretaria de Apoio Social ao Cidadão;ASSISTÊNCIA SOCIAL;ASSISTÊNCIA COMUNITÁRIA;SUBVENÇÕES SOCIAIS;RECURSOS PROPRIOS DE FUNDOS ESPECIAIS DE DESPESA - VINCULADOS;0,00;130.518,88;130.518,88
2022;08;50.10.3.3.50.43.08.244.0005.2.031.05.500042;Secretaria de Apoio Social ao Cidadão;ASSISTÊNCIA SOCIAL;ASSISTÊNCIA COMUNITÁRIA;SUBVENÇÕES SOCIAIS;TRANSFERENCIAS E CONVENIOS FEDERAIS - VINCULADOS;334.782,83;0,00;0,00
2022;08;50.10.3.3.90.14.08.244.0005.2.002.01.510000;Secretaria de Apoio Social ao Cidadão;ASSISTÊNCIA SOCIAL;ASSISTÊNCIA COMUNITÁRIA;DIÁRIAS - PESSOAL CIVIL;TESOURO;45,00;45,00;45,00
2022;08;50.10.3.3.90.30.08.244.0005.2.002.01.510000;Secretaria de Apoio Social ao Cidadão;ASSISTÊNCIA SOCIAL;ASSISTÊNCIA COMUNITÁRIA;MATERIAL DE CONSUMO;TESOURO;5.876,64;15.950,19;31.230,94
2022;08;50.10.3.3.90.30.08.244.0005.2.031.05.500042;Secretaria de Apoio Social ao Cidadão;ASSISTÊNCIA SOCIAL;ASSISTÊNCIA COMUNITÁRIA;MATERIAL DE CONSUMO;TRANSFERENCIAS E CONVENIOS FEDERAIS - VINCULADOS;16.573,56;57.311,94;850,70
2022;08;50.10.3.3.90.32.08.244.0005.2.031.01.510000;Secretaria de Apoio Social ao Cidadão;ASSISTÊNCIA SOCIAL;ASSISTÊNCIA COMUNITÁRIA;MATERIAL, BEM OU SERVIÇO PARA DISTRIBUIÇÃO GRATUITA;TESOURO;26.912,75;26.912,75;4.473,83
2022;08;50.10.3.3.90.36.08.244.0005.2.002.01.510000;Secretaria de Apoio Social ao Cidadão;ASSISTÊNCIA SOCIAL;ASSISTÊNCIA COMUNITÁRIA;OUTROS SERVIÇOS DE TERCEIROS - PESSOA FÍSICA;TESOURO;0,00;13.248,93;13.248,93
2022;08;50.10.3.3.90.36.08.244.0005.2.031.01.510000;Secretaria de Apoio Social ao Cidadão;ASSISTÊNCIA SOCIAL;ASSISTÊNCIA COMUNITÁRIA;OUTROS SERVIÇOS DE TERCEIROS - PESSOA FÍSICA;TESOURO;108.993,31;123.108,31;118.108,61
2022;08;50.10.3.3.90.36.08.244.0005.2.031.02.500041;Secretaria de Apoio Social ao Cidadão;ASSISTÊNCIA SOCIAL;ASSISTÊNCIA COMUNITÁRIA;OUTROS SERVIÇOS DE TERCEIROS - PESSOA FÍSICA;TRANSFERENCIAS E CONVENIOS ESTADUAIS - VINCULADOS;13.970,16;4.204,95;4.204,95
2022;08;50.10.3.3.90.36.08.244.0005.2.031.05.500042;Secretaria de Apoio Social ao Cidadão;ASSISTÊNCIA SOCIAL;ASSISTÊNCIA COMUNITÁRIA;OUTROS SERVIÇOS DE TERCEIROS - PESSOA FÍSICA;TRANSFERENCIAS E CONVENIOS FEDERAIS - VINCULADOS;50.000,00;37.274,81;37.274,81
2022;08;50.10.3.3.90.39.08.244.0005.2.002.01.510000;Secretaria de Apoio Social ao Cidadão;ASSISTÊNCIA SOCIAL;ASSISTÊNCIA COMUNITÁRIA;OUTROS SERVIÇOS DE TERCEIROS -  PESSOA JURÍDICA;TESOURO;56.804,60;415.199,94;438.277,59
2022;08;50.10.3.3.90.39.08.244.0005.2.030.01.510000;Secretaria de Apoio Social ao Cidadão;ASSISTÊNCIA SOCIAL;ASSISTÊNCIA COMUNITÁRIA;OUTROS SERVIÇOS DE TERCEIROS -  PESSOA JURÍDICA;TESOURO;0,00;241,96;530,84
2022;08;50.10.3.3.90.39.08.244.0005.2.031.01.510000;Secretaria de Apoio Social ao Cidadão;ASSISTÊNCIA SOCIAL;ASSISTÊNCIA COMUNITÁRIA;OUTROS SERVIÇOS DE TERCEIROS -  PESSOA JURÍDICA;TESOURO;786,90;1.666,90;966,90
2022;08;50.10.3.3.90.39.08.244.0005.2.031.02.500041;Secretaria de Apoio Social ao Cidadão;ASSISTÊNCIA SOCIAL;ASSISTÊNCIA COMUNITÁRIA;OUTROS SERVIÇOS DE TERCEIROS -  PESSOA JURÍDICA;TRANSFERENCIAS E CONVENIOS ESTADUAIS - VINCULADOS;0,00;89.037,48;52.588,48
2022;08;50.10.3.3.90.39.08.244.0005.2.031.05.500042;Secretaria de Apoio Social ao Cidadão;ASSISTÊNCIA SOCIAL;ASSISTÊNCIA COMUNITÁRIA;OUTROS SERVIÇOS DE TERCEIROS -  PESSOA JURÍDICA;TRANSFERENCIAS E CONVENIOS FEDERAIS - VINCULADOS;17.360,00;263.782,84;142.016,96
2022;08;50.10.3.3.90.39.08.244.0005.2.031.92.500041;Secretaria de Apoio Social ao Cidadão;ASSISTÊNCIA SOCIAL;ASSISTÊNCIA COMUNITÁRIA;OUTROS SERVIÇOS DE TERCEIROS -  PESSOA JURÍDICA;TRANSFERENCIAS E CONVENIOS ESTADUAIS - VINCULADOS - EXERCÍCIO ANTERIOR;-47.093,89;0,00;0,00
2022;08;50.10.3.3.90.39.08.244.0005.2.031.93.500193;Secretaria de Apoio Social ao Cidadão;ASSISTÊNCIA SOCIAL;ASSISTÊNCIA COMUNITÁRIA;OUTROS SERVIÇOS DE TERCEIROS -  PESSOA JURÍDICA;RECURSOS PROPRIOS DE FUNDOS ESPECIAIS DE DESPESA - VINCULADOS - EXERCÍCIO ANTERIOR;18.532,00;0,00;3.675,00
2022;08;50.10.3.3.90.48.08.244.0005.2.030.01.510000;Secretaria de Apoio Social ao Cidadão;ASSISTÊNCIA SOCIAL;ASSISTÊNCIA COMUNITÁRIA;OUTROS AUXÍLIOS FINANCEIROS A PESSOA FÍSICA;TESOURO;164.250,06;164.250,06;164.250,06
2022;08;50.10.3.3.90.48.08.244.0005.2.031.01.500194;Secretaria de Apoio Social ao Cidadão;ASSISTÊNCIA SOCIAL;ASSISTÊNCIA COMUNITÁRIA;OUTROS AUXÍLIOS FINANCEIROS A PESSOA FÍSICA;TESOURO;9.200,00;9.200,00;9.200,00
2022;08;50.10.3.3.90.48.08.244.0005.2.031.01.510000;Secretaria de Apoio Social ao Cidadão;ASSISTÊNCIA SOCIAL;ASSISTÊNCIA COMUNITÁRIA;OUTROS AUXÍLIOS FINANCEIROS A PESSOA FÍSICA;TESOURO;260.100,00;260.100,00;265.800,00
2022;08;50.10.3.3.90.48.08.244.0005.2.031.92.500041;Secretaria de Apoio Social ao Cidadão;ASSISTÊNCIA SOCIAL;ASSISTÊNCIA COMUNITÁRIA;OUTROS AUXÍLIOS FINANCEIROS A PESSOA FÍSICA;TRANSFERENCIAS E CONVENIOS ESTADUAIS - VINCULADOS - EXERCÍCIO ANTERIOR;31.900,00;31.900,00;31.900,00
2022;08;50.10.3.3.90.93.08.244.0005.2.002.01.510000;Secretaria de Apoio Social ao Cidadão;ASSISTÊNCIA SOCIAL;ASSISTÊNCIA COMUNITÁRIA;INDENIZAÇÕES E RESTITUIÇÕES;TESOURO;9.112,13;9.112,13;9.112,13
2022;08;50.10.4.4.50.42.08.244.0005.2.002.93.500072;Secretaria de Apoio Social ao Cidadão;ASSISTÊNCIA SOCIAL;ASSISTÊNCIA COMUNITÁRIA;AUXÍLIOS;RECURSOS PROPRIOS DE FUNDOS ESPECIAIS DE DESPESA - VINCULADOS - EXERCÍCIO ANTERIOR;0,00;312.000,00;312.000,00
2022;08;50.10.4.4.90.52.08.244.0005.2.002.01.510000;Secretaria de Apoio Social ao Cidadão;ASSISTÊNCIA SOCIAL;ASSISTÊNCIA COMUNITÁRIA;EQUIPAMENTOS E MATERIAL PERMANENTE;TESOURO;4.000,00;8.613,77;4.564,08
2022;08;50.10.4.4.90.52.08.244.0005.2.031.05.500042;Secretaria de Apoio Social ao Cidadão;ASSISTÊNCIA SOCIAL;ASSISTÊNCIA COMUNITÁRIA;EQUIPAMENTOS E MATERIAL PERMANENTE;TRANSFERENCIAS E CONVENIOS FEDERAIS - VINCULADOS;126.093,29;3.182,56;29.992,54
2022;08;55.10.3.1.90.11.04.452.0008.2.002.01.110000;Secretaria de Manutenção da Cidade;ADMINISTRAÇÃO;SERVIÇOS URBANOS;VENCIMENTOS E VANTAGENS FIXAS -  PESSOAL CIVIL;TESOURO;1.663.176,30;1.663.176,30;1.663.176,30
2022;08;55.10.3.3.90.30.04.452.0008.2.002.01.110000;Secretaria de Manutenção da Cidade;ADMINISTRAÇÃO;SERVIÇOS URBANOS;MATERIAL DE CONSUMO;TESOURO;3.000,00;3.000,00;5.000,00
2022;08;55.10.3.3.90.30.15.451.0008.2.043.03.100081;Secretaria de Manutenção da Cidade;URBANISMO;INFRA-ESTRUTURA URBANA;MATERIAL DE CONSUMO;RECURSOS PROPRIOS DE FUNDOS ESPECIAIS DE DESPESA - VINCULADOS;0,00;61.345,68;0,00
2022;08;55.10.3.3.90.30.15.452.0008.2.044.01.110000;Secretaria de Manutenção da Cidade;URBANISMO;SERVIÇOS URBANOS;MATERIAL DE CONSUMO;TESOURO;5.174.020,23;1.769.846,63;1.460.978,84
2022;08;55.10.3.3.90.36.15.452.0008.2.044.01.110000;Secretaria de Manutenção da Cidade;URBANISMO;SERVIÇOS URBANOS;OUTROS SERVIÇOS DE TERCEIROS - PESSOA FÍSICA;TESOURO;317,38;9.851,98;9.851,98
2022;08;55.10.3.3.90.39.04.452.0008.2.002.01.110000;Secretaria de Manutenção da Cidade;ADMINISTRAÇÃO;SERVIÇOS URBANOS;OUTROS SERVIÇOS DE TERCEIROS -  PESSOA JURÍDICA;TESOURO;500,00;5.999,18;6.499,18
2022;08;55.10.3.3.90.39.15.451.0008.2.043.03.100081;Secretaria de Manutenção da Cidade;URBANISMO;INFRA-ESTRUTURA URBANA;OUTROS SERVIÇOS DE TERCEIROS -  PESSOA JURÍDICA;RECURSOS PROPRIOS DE FUNDOS ESPECIAIS DE DESPESA - VINCULADOS;0,00;1.593.128,02;2.304.715,74
2022;08;55.10.3.3.90.39.15.452.0008.2.044.01.110000;Secretaria de Manutenção da Cidade;URBANISMO;SERVIÇOS URBANOS;OUTROS SERVIÇOS DE TERCEIROS -  PESSOA JURÍDICA;TESOURO;-211.667,98;8.545.751,37;9.502.672,64
2022;08;55.10.3.3.90.39.17.512.0008.2.045.01.110000;Secretaria de Manutenção da Cidade;SANEAMENTO;SANEAMENTO BÁSICO URBANO;OUTROS SERVIÇOS DE TERCEIROS -  PESSOA JURÍDICA;TESOURO;-1.912.724,12;7.689.101,47;10.622.383,37
2022;08;55.10.3.3.90.93.15.452.0008.2.044.01.110000;Secretaria de Manutenção da Cidade;URBANISMO;SERVIÇOS URBANOS;INDENIZAÇÕES E RESTITUIÇÕES;TESOURO;0,00;0,00;2.784,50
2022;08;55.10.4.4.90.51.15.451.0008.2.043.03.100081;Secretaria de Manutenção da Cidade;URBANISMO;INFRA-ESTRUTURA URBANA;OBRAS E INSTALAÇÕES;RECURSOS PROPRIOS DE FUNDOS ESPECIAIS DE DESPESA - VINCULADOS;0,00;404.747,92;423.801,46
2022;08;55.10.4.4.90.52.04.452.0008.2.002.01.110000;Secretaria de Manutenção da Cidade;ADMINISTRAÇÃO;SERVIÇOS URBANOS;EQUIPAMENTOS E MATERIAL PERMANENTE;TESOURO;23.970,00;0,00;31.228,00
2022;08;55.10.4.4.90.52.15.451.0008.2.043.03.100081;Secretaria de Manutenção da Cidade;URBANISMO;INFRA-ESTRUTURA URBANA;EQUIPAMENTOS E MATERIAL PERMANENTE;RECURSOS PROPRIOS DE FUNDOS ESPECIAIS DE DESPESA - VINCULADOS;118.181,70;0,00;0,00
2022;08;55.10.4.4.90.52.15.451.0008.2.043.93.100081;Secretaria de Manutenção da Cidade;URBANISMO;INFRA-ESTRUTURA URBANA;EQUIPAMENTOS E MATERIAL PERMANENTE;RECURSOS PROPRIOS DE FUNDOS ESPECIAIS DE DESPESA - VINCULADOS - EXERCÍCIO ANTERIOR;63.636,30;0,00;0,00
2022;08;60.10.3.1.90.11.10.301.0006.2.002.01.301000;Secretaria de Saúde;SAÚDE;ATENÇÃO BÁSICA;VENCIMENTOS E VANTAGENS FIXAS -  PESSOAL CIVIL;TESOURO;13.054.752,93;13.054.752,93;13.054.752,93
2022;08;60.10.3.1.90.13.10.301.0006.2.002.01.301000;Secretaria de Saúde;SAÚDE;ATENÇÃO BÁSICA;OBRIGAÇÕES PATRONAIS;TESOURO;444.610,48;444.610,48;444.610,48
2022;08;60.10.3.1.90.16.10.301.0006.2.002.01.301000;Secretaria de Saúde;SAÚDE;ATENÇÃO BÁSICA;OUTRAS DESPESAS VARIÁVEIS - PESSOAL CIVIL;TESOURO;698.001,42;698.001,42;698.001,42
2022;08;60.10.3.1.90.94.10.301.0006.2.002.01.301000;Secretaria de Saúde;SAÚDE;ATENÇÃO BÁSICA;INDENIZAÇÕES E RESTITUIÇÕES TRABALHISTAS;TESOURO;502.195,53;502.195,53;530.503,08
2022;08;60.10.3.1.91.13.10.301.0006.2.002.01.301000;Secretaria de Saúde;SAÚDE;ATENÇÃO BÁSICA;OBRIGAÇÕES PATRONAIS;TESOURO;20.466,91;20.466,91;2.660.832,71
2022;08;60.10.3.3.90.08.10.301.0006.2.002.01.301000;Secretaria de Saúde;SAÚDE;ATENÇÃO BÁSICA;OUTROS BENEFÍCIOS ASSISTENCIAIS DO SERVIDOR E DO MILITAR;TESOURO;44.185,00;44.185,00;44.185,00
2022;08;60.10.3.3.90.14.10.301.0006.2.002.01.301000;Secretaria de Saúde;SAÚDE;ATENÇÃO BÁSICA;DIÁRIAS - PESSOAL CIVIL;TESOURO;-637,50;-637,50;2.162,50
2022;08;60.10.3.3.90.30.10.301.0006.2.002.01.301000;Secretaria de Saúde;SAÚDE;ATENÇÃO BÁSICA;MATERIAL DE CONSUMO;TESOURO;28.972,66;64.816,79;69.329,74
2022;08;60.10.3.3.90.36.10.301.0006.2.002.01.301000;Secretaria de Saúde;SAÚDE;ATENÇÃO BÁSICA;OUTROS SERVIÇOS DE TERCEIROS - PESSOA FÍSICA;TESOURO;30.535,50;48.439,82;48.439,82
2022;08;60.10.3.3.90.36.10.301.0006.2.051.01.301000;Secretaria de Saúde;SAÚDE;ATENÇÃO BÁSICA;OUTROS SERVIÇOS DE TERCEIROS - PESSOA FÍSICA;TESOURO;0,00;10.151,40;10.151,40
2022;08;60.10.3.3.90.37.10.301.0006.2.051.01.301000;Secretaria de Saúde;SAÚDE;ATENÇÃO BÁSICA;LOCAÇÃO DE MÃO-DE-OBRA;TESOURO;335.947,92;538.171,44;561.915,91
2022;08;60.10.3.3.90.37.10.301.0006.2.051.01.312167;Secretaria de Saúde;SAÚDE;ATENÇÃO BÁSICA;LOCAÇÃO DE MÃO-DE-OBRA;TESOURO;0,00;30.761,49;30.761,49
2022;08;60.10.3.3.90.39.10.122.0006.2.062.06.340000;Secretaria de Saúde;SAÚDE;ADMINISTRAÇÃO GERAL;OUTROS SERVIÇOS DE TERCEIROS -  PESSOA JURÍDICA;OUTRAS FONTES DE RECURSOS;3.618,70;3.618,70;2.090,00
2022;08;60.10.3.3.90.39.10.301.0006.2.002.01.301000;Secretaria de Saúde;SAÚDE;ATENÇÃO BÁSICA;OUTROS SERVIÇOS DE TERCEIROS -  PESSOA JURÍDICA;TESOURO;225.077,20;425.458,69;489.365,55
2022;08;60.10.3.3.90.39.10.301.0006.2.007.01.301000;Secretaria de Saúde;SAÚDE;ATENÇÃO BÁSICA;OUTROS SERVIÇOS DE TERCEIROS -  PESSOA JURÍDICA;TESOURO;0,00;316.358,41;315.987,17
2022;08;60.10.3.3.90.39.10.301.0006.2.051.01.301000;Secretaria de Saúde;SAÚDE;ATENÇÃO BÁSICA;OUTROS SERVIÇOS DE TERCEIROS -  PESSOA JURÍDICA;TESOURO;0,00;266.166,30;266.166,30
2022;08;60.10.3.3.90.39.10.301.0006.2.051.01.312167;Secretaria de Saúde;SAÚDE;ATENÇÃO BÁSICA;OUTROS SERVIÇOS DE TERCEIROS -  PESSOA JURÍDICA;TESOURO;35.769,74;38.778,09;46.343,11
2022;08;60.10.3.3.90.46.10.301.0006.2.002.01.301000;Secretaria de Saúde;SAÚDE;ATENÇÃO BÁSICA;AUXÍLIO ALIMENTAÇÃO;TESOURO;461.639,00;461.639,00;461.639,00
2022;08;60.10.3.3.90.92.10.301.0006.2.002.01.301000;Secretaria de Saúde;SAÚDE;ATENÇÃO BÁSICA;DESPESAS DE EXERCÍCIOS ANTERIORES;TESOURO;0,00;0,00;12.122,12
2022;08;60.10.3.3.90.92.10.301.0006.2.007.01.301000;Secretaria de Saúde;SAÚDE;ATENÇÃO BÁSICA;DESPESAS DE EXERCÍCIOS ANTERIORES;TESOURO;41.000,00;0,00;0,00
2022;08;60.10.4.4.90.51.10.122.0006.2.062.06.340000;Secretaria de Saúde;SAÚDE;ADMINISTRAÇÃO GERAL;OBRAS E INSTALAÇÕES;OUTRAS FONTES DE RECURSOS;512.328,07;0,00;0,00
2022;08;60.10.4.4.90.52.10.122.0006.2.062.06.340000;Secretaria de Saúde;SAÚDE;ADMINISTRAÇÃO GERAL;EQUIPAMENTOS E MATERIAL PERMANENTE;OUTRAS FONTES DE RECURSOS;0,00;4.108,11;4.108,11
2022;08;60.10.4.4.90.52.10.301.0006.1.010.05.800055;Secretaria de Saúde;SAÚDE;ATENÇÃO BÁSICA;EQUIPAMENTOS E MATERIAL PERMANENTE;TRANSFERENCIAS E CONVENIOS FEDERAIS - VINCULADOS;0,00;217.755,01;24.279,20
2022;08;60.30.3.3.50.39.10.302.0006.2.033.01.312167;Secretaria de Saúde;SAÚDE;ASSISTÊNCIA HOSPITALAR E AMBULATORIAL;OUTROS SERVIÇOS DE TERCEIROS -PESSOA JURÍDICA;TESOURO;0,00;4.563.988,06;2.281.994,03
2022;08;60.30.3.3.50.39.10.302.0006.2.033.02.302024;Secretaria de Saúde;SAÚDE;ASSISTÊNCIA HOSPITALAR E AMBULATORIAL;OUTROS SERVIÇOS DE TERCEIROS -PESSOA JURÍDICA;TRANSFERENCIAS E CONVENIOS ESTADUAIS - VINCULADOS;7.549.399,01;210.440,00;105.220,00
2022;08;60.30.3.3.50.39.10.302.0006.2.033.05.302023;Secretaria de Saúde;SAÚDE;ASSISTÊNCIA HOSPITALAR E AMBULATORIAL;OUTROS SERVIÇOS DE TERCEIROS -PESSOA JURÍDICA;TRANSFERENCIAS E CONVENIOS FEDERAIS - VINCULADOS;315.600,00;33.132.330,04;16.568.945,39
2022;08;60.30.3.3.71.70.10.302.0006.2.032.01.302000;Secretaria de Saúde;SAÚDE;ASSISTÊNCIA HOSPITALAR E AMBULATORIAL;RATEIO PELA PARTICIPAÇÃO EM CONSÓRCIO PÚBLICO;TESOURO;0,00;732.668,45;732.668,45
2022;08;60.30.3.3.71.70.10.302.0006.2.032.05.302023;Secretaria de Saúde;SAÚDE;ASSISTÊNCIA HOSPITALAR E AMBULATORIAL;RATEIO PELA PARTICIPAÇÃO EM CONSÓRCIO PÚBLICO;TRANSFERENCIAS E CONVENIOS FEDERAIS - VINCULADOS;0,00;362.099,00;362.099,00
2022;08;60.30.4.4.50.42.10.302.0006.2.033.96.340000;Secretaria de Saúde;SAÚDE;ASSISTÊNCIA HOSPITALAR E AMBULATORIAL;AUXÍLIOS;OUTRAS FONTES DE RECURSOS - EXERCÍCIO ANTERIOR;0,00;1.148.602,00;1.148.602,00
2022;08;60.50.3.1.90.04.10.301.0006.2.034.05.301022;Secretaria de Saúde;SAÚDE;ATENÇÃO BÁSICA;CONTRATAÇÃO POR TEMPO DETERMINADO;TRANSFERENCIAS E CONVENIOS FEDERAIS - VINCULADOS;158.222,77;158.222,77;158.222,77
2022;08;60.50.3.1.90.04.10.301.0006.2.034.05.313000;Secretaria de Saúde;SAÚDE;ATENÇÃO BÁSICA;CONTRATAÇÃO POR TEMPO DETERMINADO;TRANSFERENCIAS E CONVENIOS FEDERAIS - VINCULADOS;526.518,07;526.518,07;526.518,07
2022;08;60.50.3.1.90.04.10.305.0006.2.038.05.303038;Secretaria de Saúde;SAÚDE;VIGILÂNCIA EPIDEMIOLÓGICA;CONTRATAÇÃO POR TEMPO DETERMINADO;TRANSFERENCIAS E CONVENIOS FEDERAIS - VINCULADOS;157.254,54;157.254,54;157.254,54
2022;08;60.50.3.1.90.04.10.305.0006.2.038.05.313000;Secretaria de Saúde;SAÚDE;VIGILÂNCIA EPIDEMIOLÓGICA;CONTRATAÇÃO POR TEMPO DETERMINADO;TRANSFERENCIAS E CONVENIOS FEDERAIS - VINCULADOS;444.407,76;444.407,76;444.407,76
2022;08;60.50.3.3.90.30.04.304.0006.2.055.01.303000;Secretaria de Saúde;ADMINISTRAÇÃO;VIGILÂNCIA SANITÁRIA;MATERIAL DE CONSUMO;TESOURO;34.379,40;8.041,67;22.935,50
2022;08;60.50.3.3.90.30.10.301.0006.2.034.01.301000;Secretaria de Saúde;SAÚDE;ATENÇÃO BÁSICA;MATERIAL DE CONSUMO;TESOURO;1.026,00;27.402,23;37.893,11
2022;08;60.50.3.3.90.30.10.301.0006.2.034.02.301024;Secretaria de Saúde;SAÚDE;ATENÇÃO BÁSICA;MATERIAL DE CONSUMO;TRANSFERENCIAS E CONVENIOS ESTADUAIS - VINCULADOS;2.004.592,74;557.016,27;507.229,70
2022;08;60.50.3.3.90.30.10.301.0006.2.034.05.301022;Secretaria de Saúde;SAÚDE;ATENÇÃO BÁSICA;MATERIAL DE CONSUMO;TRANSFERENCIAS E CONVENIOS FEDERAIS - VINCULADOS;890.681,68;643.021,83;477.067,52
2022;08;60.50.3.3.90.30.10.301.0006.2.034.05.305053;Secretaria de Saúde;SAÚDE;ATENÇÃO BÁSICA;MATERIAL DE CONSUMO;TRANSFERENCIAS E CONVENIOS FEDERAIS - VINCULADOS;-250,60;2.892,65;408,00
2022;08;60.50.3.3.90.30.10.301.0006.2.034.95.312161;Secretaria de Saúde;SAÚDE;ATENÇÃO BÁSICA;MATERIAL DE CONSUMO;TRANSFERENCIAS E CONVENIOS FEDERAIS - VINCULADOS - EXERCÍCIO ANTERIOR;0,00;404,80;0,00
2022;08;60.50.3.3.90.30.10.301.0006.2.034.96.312162;Secretaria de Saúde;SAÚDE;ATENÇÃO BÁSICA;MATERIAL DE CONSUMO;OUTRAS FONTES DE RECURSOS - EXERCÍCIO ANTERIOR;-41,82;0,00;6.482,10
2022;08;60.50.3.3.90.30.10.303.0006.2.036.01.304000;Secretaria de Saúde;SAÚDE;SUPORTE PROFILÁTICO E TERAPÊUTICO;MATERIAL DE CONSUMO;TESOURO;211.929,18;999.881,22;1.082.498,64
2022;08;60.50.3.3.90.30.10.303.0006.2.036.05.304040;Secretaria de Saúde;SAÚDE;SUPORTE PROFILÁTICO E TERAPÊUTICO;MATERIAL DE CONSUMO;TRANSFERENCIAS E CONVENIOS FEDERAIS - VINCULADOS;42.180,98;487.553,19;513.544,70
2022;08;60.50.3.3.90.30.10.303.0006.2.036.05.312161;Secretaria de Saúde;SAÚDE;SUPORTE PROFILÁTICO E TERAPÊUTICO;MATERIAL DE CONSUMO;TRANSFERENCIAS E CONVENIOS FEDERAIS - VINCULADOS;0,00;600,00;0,00
2022;08;60.50.3.3.90.30.10.304.0006.2.037.06.320000;Secretaria de Saúde;SAÚDE;VIGILÂNCIA SANITÁRIA;MATERIAL DE CONSUMO;OUTRAS FONTES DE RECURSOS;151,50;2.974,12;895,80
2022;08;60.50.3.3.90.30.10.305.0006.2.038.01.303000;Secretaria de Saúde;SAÚDE;VIGILÂNCIA EPIDEMIOLÓGICA;MATERIAL DE CONSUMO;TESOURO;0,00;0,00;4.700,00
2022;08;60.50.3.3.90.32.10.301.0006.2.034.05.301022;Secretaria de Saúde;SAÚDE;ATENÇÃO BÁSICA;MATERIAL, BEM OU SERVIÇO PARA DISTRIBUIÇÃO GRATUITA;TRANSFERENCIAS E CONVENIOS FEDERAIS - VINCULADOS;4.868,70;28.635,99;32.830,03
2022;08;60.50.3.3.90.32.10.301.0006.2.034.95.301022;Secretaria de Saúde;SAÚDE;ATENÇÃO BÁSICA;MATERIAL, BEM OU SERVIÇO PARA DISTRIBUIÇÃO GRATUITA;TRANSFERENCIAS E CONVENIOS FEDERAIS - VINCULADOS - EXERCÍCIO ANTERIOR;-227.763,11;180.459,36;31.263,39
2022;08;60.50.3.3.90.32.10.303.0006.2.036.01.304000;Secretaria de Saúde;SAÚDE;SUPORTE PROFILÁTICO E TERAPÊUTICO;MATERIAL, BEM OU SERVIÇO PARA DISTRIBUIÇÃO GRATUITA;TESOURO;162.356,22;162,60;922,71
2022;08;60.50.3.3.90.36.10.301.0006.2.034.01.301000;Secretaria de Saúde;SAÚDE;ATENÇÃO BÁSICA;OUTROS SERVIÇOS DE TERCEIROS - PESSOA FÍSICA;TESOURO;23.220,00;19.207,00;19.907,00
2022;08;60.50.3.3.90.36.10.304.0006.2.037.06.320000;Secretaria de Saúde;SAÚDE;VIGILÂNCIA SANITÁRIA;OUTROS SERVIÇOS DE TERCEIROS - PESSOA FÍSICA;OUTRAS FONTES DE RECURSOS;0,00;14.776,53;14.776,53
2022;08;60.50.3.3.90.36.10.305.0006.2.038.05.303038;Secretaria de Saúde;SAÚDE;VIGILÂNCIA EPIDEMIOLÓGICA;OUTROS SERVIÇOS DE TERCEIROS - PESSOA FÍSICA;TRANSFERENCIAS E CONVENIOS FEDERAIS - VINCULADOS;0,00;25.123,87;29.081,93
2022;08;60.50.3.3.90.37.10.301.0006.2.034.01.301000;Secretaria de Saúde;SAÚDE;ATENÇÃO BÁSICA;LOCAÇÃO DE MÃO-DE-OBRA;TESOURO;49.190,28;280.351,37;280.351,37
2022;08;60.50.3.3.90.37.10.301.0006.2.034.05.301022;Secretaria de Saúde;SAÚDE;ATENÇÃO BÁSICA;LOCAÇÃO DE MÃO-DE-OBRA;TRANSFERENCIAS E CONVENIOS FEDERAIS - VINCULADOS;0,00;442.215,40;442.215,40
2022;08;60.50.3.3.90.37.10.301.0006.2.034.92.312161;Secretaria de Saúde;SAÚDE;ATENÇÃO BÁSICA;LOCAÇÃO DE MÃO-DE-OBRA;TRANSFERENCIAS E CONVENIOS ESTADUAIS - VINCULADOS - EXERCÍCIO ANTERIOR;51.814,05;11.807,85;24.652,65
2022;08;60.50.3.3.90.39.04.304.0006.2.055.01.303000;Secretaria de Saúde;ADMINISTRAÇÃO;VIGILÂNCIA SANITÁRIA;OUTROS SERVIÇOS DE TERCEIROS -  PESSOA JURÍDICA;TESOURO;114.440,39;242.644,57;232.674,25
2022;08;60.50.3.3.90.39.04.304.0006.2.060.01.303000;Secretaria de Saúde;ADMINISTRAÇÃO;VIGILÂNCIA SANITÁRIA;OUTROS SERVIÇOS DE TERCEIROS -  PESSOA JURÍDICA;TESOURO;0,00;51.328,80;38.504,75
2022;08;60.50.3.3.90.39.10.301.0006.2.034.01.301000;Secretaria de Saúde;SAÚDE;ATENÇÃO BÁSICA;OUTROS SERVIÇOS DE TERCEIROS -  PESSOA JURÍDICA;TESOURO;209.078,92;1.014.930,04;717.711,54
2022;08;60.50.3.3.90.39.10.301.0006.2.034.05.301022;Secretaria de Saúde;SAÚDE;ATENÇÃO BÁSICA;OUTROS SERVIÇOS DE TERCEIROS -  PESSOA JURÍDICA;TRANSFERENCIAS E CONVENIOS FEDERAIS - VINCULADOS;201.913,99;639.747,65;312.324,53
2022;08;60.50.3.3.90.39.10.301.0006.2.034.05.305053;Secretaria de Saúde;SAÚDE;ATENÇÃO BÁSICA;OUTROS SERVIÇOS DE TERCEIROS -  PESSOA JURÍDICA;TRANSFERENCIAS E CONVENIOS FEDERAIS - VINCULADOS;0,00;450,00;692,00
2022;08;60.50.3.3.90.39.10.301.0006.2.034.95.312161;Secretaria de Saúde;SAÚDE;ATENÇÃO BÁSICA;OUTROS SERVIÇOS DE TERCEIROS -  PESSOA JURÍDICA;TRANSFERENCIAS E CONVENIOS FEDERAIS - VINCULADOS - EXERCÍCIO ANTERIOR;900,00;4.680,00;0,00
2022;08;60.50.3.3.90.39.10.304.0006.2.037.06.320000;Secretaria de Saúde;SAÚDE;VIGILÂNCIA SANITÁRIA;OUTROS SERVIÇOS DE TERCEIROS -  PESSOA JURÍDICA;OUTRAS FONTES DE RECURSOS;0,00;4.240,00;5.550,00
2022;08;60.50.3.3.90.39.10.304.0006.2.037.96.320000;Secretaria de Saúde;SAÚDE;VIGILÂNCIA SANITÁRIA;OUTROS SERVIÇOS DE TERCEIROS -  PESSOA JURÍDICA;OUTRAS FONTES DE RECURSOS - EXERCÍCIO ANTERIOR;90,00;1.135,35;0,00
2022;08;60.50.3.3.90.39.10.305.0006.2.038.01.303000;Secretaria de Saúde;SAÚDE;VIGILÂNCIA EPIDEMIOLÓGICA;OUTROS SERVIÇOS DE TERCEIROS -  PESSOA JURÍDICA;TESOURO;0,00;5.273,33;5.333,33
2022;08;60.50.3.3.90.39.10.305.0006.2.038.05.303019;Secretaria de Saúde;SAÚDE;VIGILÂNCIA EPIDEMIOLÓGICA;OUTROS SERVIÇOS DE TERCEIROS -  PESSOA JURÍDICA;TRANSFERENCIAS E CONVENIOS FEDERAIS - VINCULADOS;7.087,50;0,00;0,00
2022;08;60.50.3.3.90.39.10.305.0006.2.038.05.303038;Secretaria de Saúde;SAÚDE;VIGILÂNCIA EPIDEMIOLÓGICA;OUTROS SERVIÇOS DE TERCEIROS -  PESSOA JURÍDICA;TRANSFERENCIAS E CONVENIOS FEDERAIS - VINCULADOS;33.728,00;41.668,14;37.632,47
2022;08;60.50.3.3.90.39.10.305.0006.2.038.06.320000;Secretaria de Saúde;SAÚDE;VIGILÂNCIA EPIDEMIOLÓGICA;OUTROS SERVIÇOS DE TERCEIROS -  PESSOA JURÍDICA;OUTRAS FONTES DE RECURSOS;0,00;9.634,36;8.224,36
2022;08;60.50.3.3.90.40.10.301.0006.2.034.05.301022;Secretaria de Saúde;SAÚDE;ATENÇÃO BÁSICA;SERVIÇOS DE TECNOLOGIA DA INFORMAÇÃO E COMUNICAÇÃO - PJ;TRANSFERENCIAS E CONVENIOS FEDERAIS - VINCULADOS;0,00;627.688,91;968.332,86
2022;08;60.50.3.3.90.48.10.301.0006.2.034.01.301000;Secretaria de Saúde;SAÚDE;ATENÇÃO BÁSICA;OUTROS AUXÍLIOS FINANCEIROS A PESSOA FÍSICA;TESOURO;30.000,00;30.000,00;30.000,00
2022;08;60.50.4.4.90.52.04.304.0006.2.055.01.303000;Secretaria de Saúde;ADMINISTRAÇÃO;VIGILÂNCIA SANITÁRIA;EQUIPAMENTOS E MATERIAL PERMANENTE;TESOURO;0,00;874,14;5.114,14
2022;08;60.50.4.4.90.52.10.304.0006.2.037.06.320000;Secretaria de Saúde;SAÚDE;VIGILÂNCIA SANITÁRIA;EQUIPAMENTOS E MATERIAL PERMANENTE;OUTRAS FONTES DE RECURSOS;3.725,00;1.748,28;1.748,28
2022;08;60.70.3.3.50.39.10.302.0006.2.059.01.302000;Secretaria de Saúde;SAÚDE;ASSISTÊNCIA HOSPITALAR E AMBULATORIAL;OUTROS SERVIÇOS DE TERCEIROS -PESSOA JURÍDICA;TESOURO;678.295,83;7.421.837,82;7.418.653,17
2022;08;60.70.3.3.50.39.10.302.0006.2.059.01.312167;Secretaria de Saúde;SAÚDE;ASSISTÊNCIA HOSPITALAR E AMBULATORIAL;OUTROS SERVIÇOS DE TERCEIROS -PESSOA JURÍDICA;TESOURO;0,00;958.649,45;958.649,45
2022;08;60.70.3.3.50.39.10.302.0006.2.059.02.302024;Secretaria de Saúde;SAÚDE;ASSISTÊNCIA HOSPITALAR E AMBULATORIAL;OUTROS SERVIÇOS DE TERCEIROS -PESSOA JURÍDICA;TRANSFERENCIAS E CONVENIOS ESTADUAIS - VINCULADOS;1.000.000,00;0,00;0,00
2022;08;60.70.3.3.50.39.10.302.0006.2.059.05.302023;Secretaria de Saúde;SAÚDE;ASSISTÊNCIA HOSPITALAR E AMBULATORIAL;OUTROS SERVIÇOS DE TERCEIROS -PESSOA JURÍDICA;TRANSFERENCIAS E CONVENIOS FEDERAIS - VINCULADOS;2.829.465,28;1.374.663,29;1.374.663,29
2022;08;60.70.3.3.50.39.10.302.0006.2.059.91.302000;Secretaria de Saúde;SAÚDE;ASSISTÊNCIA HOSPITALAR E AMBULATORIAL;OUTROS SERVIÇOS DE TERCEIROS -PESSOA JURÍDICA;TESOURO - EXERCÍCIO ANTERIOR;2.173.896,94;0,00;0,00
2022;08;60.70.3.3.90.30.10.302.0006.2.035.01.302000;Secretaria de Saúde;SAÚDE;ASSISTÊNCIA HOSPITALAR E AMBULATORIAL;MATERIAL DE CONSUMO;TESOURO;1.176.369,92;2.102.630,50;1.898.288,98
2022;08;60.70.3.3.90.30.10.302.0006.2.035.01.312167;Secretaria de Saúde;SAÚDE;ASSISTÊNCIA HOSPITALAR E AMBULATORIAL;MATERIAL DE CONSUMO;TESOURO;35.804,16;122.022,98;190.592,26
2022;08;60.70.3.3.90.30.10.302.0006.2.035.05.302023;Secretaria de Saúde;SAÚDE;ASSISTÊNCIA HOSPITALAR E AMBULATORIAL;MATERIAL DE CONSUMO;TRANSFERENCIAS E CONVENIOS FEDERAIS - VINCULADOS;1.111.484,55;753.050,52;601.449,82
2022;08;60.70.3.3.90.30.10.302.0006.2.035.95.900161;Secretaria de Saúde;SAÚDE;ASSISTÊNCIA HOSPITALAR E AMBULATORIAL;MATERIAL DE CONSUMO;TRANSFERENCIAS E CONVENIOS FEDERAIS - VINCULADOS - EXERCÍCIO ANTERIOR;0,00;1.799,00;1.799,00
2022;08;60.70.3.3.90.32.10.302.0006.2.035.01.302000;Secretaria de Saúde;SAÚDE;ASSISTÊNCIA HOSPITALAR E AMBULATORIAL;MATERIAL, BEM OU SERVIÇO PARA DISTRIBUIÇÃO GRATUITA;TESOURO;510.444,82;518.348,24;391.075,33
2022;08;60.70.3.3.90.32.10.302.0006.2.035.05.302023;Secretaria de Saúde;SAÚDE;ASSISTÊNCIA HOSPITALAR E AMBULATORIAL;MATERIAL, BEM OU SERVIÇO PARA DISTRIBUIÇÃO GRATUITA;TRANSFERENCIAS E CONVENIOS FEDERAIS - VINCULADOS;72.747,30;108.751,86;105.622,79
2022;08;60.70.3.3.90.37.10.302.0006.2.035.05.302023;Secretaria de Saúde;SAÚDE;ASSISTÊNCIA HOSPITALAR E AMBULATORIAL;LOCAÇÃO DE MÃO-DE-OBRA;TRANSFERENCIAS E CONVENIOS FEDERAIS - VINCULADOS;0,00;19.211,05;19.211,05
2022;08;60.70.3.3.90.39.10.302.0006.2.035.01.302000;Secretaria de Saúde;SAÚDE;ASSISTÊNCIA HOSPITALAR E AMBULATORIAL;OUTROS SERVIÇOS DE TERCEIROS -  PESSOA JURÍDICA;TESOURO;1.276.346,51;8.342.550,55;8.463.534,34
2022;08;60.70.3.3.90.39.10.302.0006.2.035.05.302023;Secretaria de Saúde;SAÚDE;ASSISTÊNCIA HOSPITALAR E AMBULATORIAL;OUTROS SERVIÇOS DE TERCEIROS -  PESSOA JURÍDICA;TRANSFERENCIAS E CONVENIOS FEDERAIS - VINCULADOS;4.300,69;4.851.697,93;4.981.988,97
2022;08;60.70.3.3.90.39.10.302.0006.2.035.05.800023;Secretaria de Saúde;SAÚDE;ASSISTÊNCIA HOSPITALAR E AMBULATORIAL;OUTROS SERVIÇOS DE TERCEIROS -  PESSOA JURÍDICA;TRANSFERENCIAS E CONVENIOS FEDERAIS - VINCULADOS;2.168.074,00;1.908.074,00;1.908.074,00
2022;08;60.70.3.3.90.39.10.302.0006.2.035.95.302023;Secretaria de Saúde;SAÚDE;ASSISTÊNCIA HOSPITALAR E AMBULATORIAL;OUTROS SERVIÇOS DE TERCEIROS -  PESSOA JURÍDICA;TRANSFERENCIAS E CONVENIOS FEDERAIS - VINCULADOS - EXERCÍCIO ANTERIOR;593.058,90;2.727.355,08;2.316.466,65
2022;08;60.70.3.3.90.40.10.302.0006.2.035.01.302000;Secretaria de Saúde;SAÚDE;ASSISTÊNCIA HOSPITALAR E AMBULATORIAL;SERVIÇOS DE TECNOLOGIA DA INFORMAÇÃO E COMUNICAÇÃO - PJ;TESOURO;0,00;293.428,55;425.439,23
2022;08;60.70.3.3.90.48.10.302.0006.2.035.05.302023;Secretaria de Saúde;SAÚDE;ASSISTÊNCIA HOSPITALAR E AMBULATORIAL;OUTROS AUXÍLIOS FINANCEIROS A PESSOA FÍSICA;TRANSFERENCIAS E CONVENIOS FEDERAIS - VINCULADOS;16.874,00;16.874,00;18.865,00
2022;08;60.70.3.3.90.92.10.302.0006.2.035.01.302000;Secretaria de Saúde;SAÚDE;ASSISTÊNCIA HOSPITALAR E AMBULATORIAL;DESPESAS DE EXERCÍCIOS ANTERIORES;TESOURO;0,00;579,84;579,84
2022;08;60.70.4.4.50.42.10.302.0006.2.059.96.340000;Secretaria de Saúde;SAÚDE;ASSISTÊNCIA HOSPITALAR E AMBULATORIAL;AUXÍLIOS;OUTRAS FONTES DE RECURSOS - EXERCÍCIO ANTERIOR;78.871,83;0,00;0,00
2022;08;60.70.4.4.90.52.10.302.0006.2.035.01.302000;Secretaria de Saúde;SAÚDE;ASSISTÊNCIA HOSPITALAR E AMBULATORIAL;EQUIPAMENTOS E MATERIAL PERMANENTE;TESOURO;68.616,74;215.874,03;194.546,03
2022;08;65.10.3.1.90.11.26.122.0009.2.002.01.400000;Secretaria de Mobilidade Urbana;TRANSPORTE;ADMINISTRAÇÃO GERAL;VENCIMENTOS E VANTAGENS FIXAS -  PESSOAL CIVIL;TESOURO;675.875,73;675.875,73;675.875,73
2022;08;65.10.3.3.90.30.26.122.0009.2.002.01.400000;Secretaria de Mobilidade Urbana;TRANSPORTE;ADMINISTRAÇÃO GERAL;MATERIAL DE CONSUMO;TESOURO;18.371,42;1.713,55;2.016,57
2022;08;65.10.3.3.90.36.26.122.0009.2.002.01.400000;Secretaria de Mobilidade Urbana;TRANSPORTE;ADMINISTRAÇÃO GERAL;OUTROS SERVIÇOS DE TERCEIROS - PESSOA FÍSICA;TESOURO;7.197,04;31.763,71;31.763,71
2022;08;65.10.3.3.90.39.26.122.0009.2.002.01.400000;Secretaria de Mobilidade Urbana;TRANSPORTE;ADMINISTRAÇÃO GERAL;OUTROS SERVIÇOS DE TERCEIROS -  PESSOA JURÍDICA;TESOURO;3.865.681,97;458.813,12;504.609,04
2022;08;65.10.3.3.90.39.26.451.0009.1.016.01.400000;Secretaria de Mobilidade Urbana;TRANSPORTE;INFRA-ESTRUTURA URBANA;OUTROS SERVIÇOS DE TERCEIROS -  PESSOA JURÍDICA;TESOURO;0,00;748.336,51;1.050.645,52
2022;08;65.10.3.3.90.39.26.451.0009.1.016.93.400075;Secretaria de Mobilidade Urbana;TRANSPORTE;INFRA-ESTRUTURA URBANA;OUTROS SERVIÇOS DE TERCEIROS -  PESSOA JURÍDICA;RECURSOS PROPRIOS DE FUNDOS ESPECIAIS DE DESPESA - VINCULADOS - EXERCÍCIO ANTERIOR;0,00;51.430,00;0,00
2022;08;65.10.3.3.90.93.26.122.0009.2.002.01.400000;Secretaria de Mobilidade Urbana;TRANSPORTE;ADMINISTRAÇÃO GERAL;INDENIZAÇÕES E RESTITUIÇÕES;TESOURO;3.006.004,75;3.006.004,75;3.006.004,75
2022;08;65.10.4.4.90.51.26.451.0009.1.012.01.400000;Secretaria de Mobilidade Urbana;TRANSPORTE;INFRA-ESTRUTURA URBANA;OBRAS E INSTALAÇÕES;TESOURO;-514,58;192.486,57;137.161,88
2022;08;65.10.4.4.90.51.26.451.0009.1.012.06.400151;Secretaria de Mobilidade Urbana;TRANSPORTE;INFRA-ESTRUTURA URBANA;OBRAS E INSTALAÇÕES;OUTRAS FONTES DE RECURSOS;0,00;0,00;58.551,11
2022;08;65.20.3.3.20.41.26.122.0009.2.048.03.470000;Secretaria de Mobilidade Urbana;TRANSPORTE;ADMINISTRAÇÃO GERAL;CONTRIBUIÇÕES;RECURSOS PROPRIOS DE FUNDOS ESPECIAIS DE DESPESA - VINCULADOS;0,00;162.819,40;0,00
2022;08;65.20.3.3.90.30.26.122.0009.2.048.03.400075;Secretaria de Mobilidade Urbana;TRANSPORTE;ADMINISTRAÇÃO GERAL;MATERIAL DE CONSUMO;RECURSOS PROPRIOS DE FUNDOS ESPECIAIS DE DESPESA - VINCULADOS;2.639,50;24.323,35;2.273,50
2022;08;65.20.3.3.90.39.26.122.0009.2.048.01.400000;Secretaria de Mobilidade Urbana;TRANSPORTE;ADMINISTRAÇÃO GERAL;OUTROS SERVIÇOS DE TERCEIROS -  PESSOA JURÍDICA;TESOURO;0,00;603.231,85;603.231,85
2022;08;65.20.3.3.90.39.26.122.0009.2.048.03.400075;Secretaria de Mobilidade Urbana;TRANSPORTE;ADMINISTRAÇÃO GERAL;OUTROS SERVIÇOS DE TERCEIROS -  PESSOA JURÍDICA;RECURSOS PROPRIOS DE FUNDOS ESPECIAIS DE DESPESA - VINCULADOS;291.142,90;2.110.819,37;3.386.218,64
2022;08;65.20.3.3.90.39.26.122.0009.2.048.03.400076;Secretaria de Mobilidade Urbana;TRANSPORTE;ADMINISTRAÇÃO GERAL;OUTROS SERVIÇOS DE TERCEIROS -  PESSOA JURÍDICA;RECURSOS PROPRIOS DE FUNDOS ESPECIAIS DE DESPESA - VINCULADOS;1.129.888,92;77.313,12;77.313,12
2022;08;65.20.3.3.90.39.26.122.0009.2.048.03.400115;Secretaria de Mobilidade Urbana;TRANSPORTE;ADMINISTRAÇÃO GERAL;OUTROS SERVIÇOS DE TERCEIROS -  PESSOA JURÍDICA;RECURSOS PROPRIOS DE FUNDOS ESPECIAIS DE DESPESA - VINCULADOS;957.273,52;19.597,29;15.279,14
2022;08;65.20.3.3.90.39.26.122.0009.2.048.03.400128;Secretaria de Mobilidade Urbana;TRANSPORTE;ADMINISTRAÇÃO GERAL;OUTROS SERVIÇOS DE TERCEIROS -  PESSOA JURÍDICA;RECURSOS PROPRIOS DE FUNDOS ESPECIAIS DE DESPESA - VINCULADOS;237,42;502,95;0,00
2022;08;65.20.3.3.90.39.26.122.0009.2.048.93.400075;Secretaria de Mobilidade Urbana;TRANSPORTE;ADMINISTRAÇÃO GERAL;OUTROS SERVIÇOS DE TERCEIROS -  PESSOA JURÍDICA;RECURSOS PROPRIOS DE FUNDOS ESPECIAIS DE DESPESA - VINCULADOS - EXERCÍCIO ANTERIOR;1.148.375,94;222.603,54;295.372,12
2022;08;65.20.3.3.90.39.26.122.0009.2.048.93.400128;Secretaria de Mobilidade Urbana;TRANSPORTE;ADMINISTRAÇÃO GERAL;OUTROS SERVIÇOS DE TERCEIROS -  PESSOA JURÍDICA;RECURSOS PROPRIOS DE FUNDOS ESPECIAIS DE DESPESA - VINCULADOS - EXERCÍCIO ANTERIOR;12.150,00;0,00;0,00
2022;08;65.20.3.3.90.39.26.122.0009.2.048.93.400170;Secretaria de Mobilidade Urbana;TRANSPORTE;ADMINISTRAÇÃO GERAL;OUTROS SERVIÇOS DE TERCEIROS -  PESSOA JURÍDICA;RECURSOS PROPRIOS DE FUNDOS ESPECIAIS DE DESPESA - VINCULADOS - EXERCÍCIO ANTERIOR;3.000.000,00;0,00;0,00
2022;08;65.20.4.4.90.51.26.122.0009.2.048.03.400075;Secretaria de Mobilidade Urbana;TRANSPORTE;ADMINISTRAÇÃO GERAL;OBRAS E INSTALAÇÕES;RECURSOS PROPRIOS DE FUNDOS ESPECIAIS DE DESPESA - VINCULADOS;0,00;77.538,27;0,00
2022;08;65.20.4.4.90.51.26.122.0009.2.048.03.400170;Secretaria de Mobilidade Urbana;TRANSPORTE;ADMINISTRAÇÃO GERAL;OBRAS E INSTALAÇÕES;RECURSOS PROPRIOS DE FUNDOS ESPECIAIS DE DESPESA - VINCULADOS;0,00;92.102,34;46.051,17
2022;08;65.20.4.4.90.52.26.122.0009.2.048.03.400075;Secretaria de Mobilidade Urbana;TRANSPORTE;ADMINISTRAÇÃO GERAL;EQUIPAMENTOS E MATERIAL PERMANENTE;RECURSOS PROPRIOS DE FUNDOS ESPECIAIS DE DESPESA - VINCULADOS;6.802,00;5.800,00;0,00
2022;08;70.10.3.1.90.11.04.122.0007.2.002.01.110000;Secretaria de Inovação e Desenvolvimento Econômico;ADMINISTRAÇÃO;ADMINISTRAÇÃO GERAL;VENCIMENTOS E VANTAGENS FIXAS -  PESSOAL CIVIL;TESOURO;198.592,58;198.592,58;198.592,58
2022;08;70.10.3.3.90.30.04.122.0007.2.002.01.110000;Secretaria de Inovação e Desenvolvimento Econômico;ADMINISTRAÇÃO;ADMINISTRAÇÃO GERAL;MATERIAL DE CONSUMO;TESOURO;3.576,29;2.485,53;662,60
2022;08;70.10.3.3.90.36.04.122.0007.2.002.01.110000;Secretaria de Inovação e Desenvolvimento Econômico;ADMINISTRAÇÃO;ADMINISTRAÇÃO GERAL;OUTROS SERVIÇOS DE TERCEIROS - PESSOA FÍSICA;TESOURO;0,00;11.485,85;11.485,85
2022;08;70.10.3.3.90.39.04.122.0007.2.002.01.110000;Secretaria de Inovação e Desenvolvimento Econômico;ADMINISTRAÇÃO;ADMINISTRAÇÃO GERAL;OUTROS SERVIÇOS DE TERCEIROS -  PESSOA JURÍDICA;TESOURO;59.520,00;53.529,00;54.825,03
2022;08;70.10.3.3.90.39.11.333.0007.2.040.01.110000;Secretaria de Inovação e Desenvolvimento Econômico;TRABALHO;EMPREGABILIDADE;OUTROS SERVIÇOS DE TERCEIROS -  PESSOA JURÍDICA;TESOURO;0,00;900,00;1.570,00
2022;08;70.10.3.3.90.39.11.333.0007.2.041.01.110000;Secretaria de Inovação e Desenvolvimento Econômico;TRABALHO;EMPREGABILIDADE;OUTROS SERVIÇOS DE TERCEIROS -  PESSOA JURÍDICA;TESOURO;2.443,34;13.650,10;1.250,10
2022;08;70.10.3.3.90.39.19.572.0007.2.058.01.110000;Secretaria de Inovação e Desenvolvimento Econômico;CIÊNCIA E TECNOLOGIA;DESENVOLVIMENTO TECNOLÓGICO E ENGENHARIA;OUTROS SERVIÇOS DE TERCEIROS -  PESSOA JURÍDICA;TESOURO;57.507,71;51.934,08;64.423,61
2022;08;70.10.3.3.90.39.23.695.0007.2.042.01.110000;Secretaria de Inovação e Desenvolvimento Econômico;COMÉRCIO E SERVIÇOS;TURISMO;OUTROS SERVIÇOS DE TERCEIROS -  PESSOA JURÍDICA;TESOURO;13.934,31;29.165,47;27.060,51
2022;08;70.10.4.4.90.52.23.695.0007.2.042.01.110000;Secretaria de Inovação e Desenvolvimento Econômico;COMÉRCIO E SERVIÇOS;TURISMO;EQUIPAMENTOS E MATERIAL PERMANENTE;TESOURO;5.233,51;0,00;0,00
2022;08;75.10.3.1.90.11.06.181.0010.2.002.01.110000;Secretaria de Proteção ao Cidadão;SEGURANÇA PÚBLICA;POLICIAMENTO;VENCIMENTOS E VANTAGENS FIXAS -  PESSOAL CIVIL;TESOURO;2.680.087,54;2.680.087,54;2.680.087,54
2022;08;75.10.3.1.90.11.06.181.0010.2.065.06.100154;Secretaria de Proteção ao Cidadão;SEGURANÇA PÚBLICA;POLICIAMENTO;VENCIMENTOS E VANTAGENS FIXAS -  PESSOAL CIVIL;OUTRAS FONTES DE RECURSOS;10.560,00;10.560,00;10.560,00
2022;08;75.10.3.1.90.96.06.181.0010.2.065.01.110000;Secretaria de Proteção ao Cidadão;SEGURANÇA PÚBLICA;POLICIAMENTO;RESSARCIMENTO DE DESPESAS DE PESSOAL REQUISITADO;TESOURO;99.121,13;99.121,13;99.121,13
2022;08;75.10.3.3.90.30.06.181.0010.2.002.01.110000;Secretaria de Proteção ao Cidadão;SEGURANÇA PÚBLICA;POLICIAMENTO;MATERIAL DE CONSUMO;TESOURO;1.590,57;1.590,57;2.590,57
2022;08;75.10.3.3.90.30.06.181.0010.2.065.01.110000;Secretaria de Proteção ao Cidadão;SEGURANÇA PÚBLICA;POLICIAMENTO;MATERIAL DE CONSUMO;TESOURO;25.808,31;28.757,69;208.229,82
2022;08;75.10.3.3.90.30.06.181.0010.2.065.02.100196;Secretaria de Proteção ao Cidadão;SEGURANÇA PÚBLICA;POLICIAMENTO;MATERIAL DE CONSUMO;TRANSFERENCIAS E CONVENIOS ESTADUAIS - VINCULADOS;-20,60;42.239,40;42.239,40
2022;08;75.10.3.3.90.36.06.181.0010.2.002.01.110000;Secretaria de Proteção ao Cidadão;SEGURANÇA PÚBLICA;POLICIAMENTO;OUTROS SERVIÇOS DE TERCEIROS - PESSOA FÍSICA;TESOURO;0,00;4.026,84;4.026,84
2022;08;75.10.3.3.90.36.06.181.0010.2.065.01.110000;Secretaria de Proteção ao Cidadão;SEGURANÇA PÚBLICA;POLICIAMENTO;OUTROS SERVIÇOS DE TERCEIROS - PESSOA FÍSICA;TESOURO;0,00;4.400,00;4.400,00
2022;08;75.10.3.3.90.39.06.181.0010.2.002.01.110000;Secretaria de Proteção ao Cidadão;SEGURANÇA PÚBLICA;POLICIAMENTO;OUTROS SERVIÇOS DE TERCEIROS -  PESSOA JURÍDICA;TESOURO;1.590,87;1.590,87;1.290,87
2022;08;75.10.3.3.90.39.06.181.0010.2.065.01.110000;Secretaria de Proteção ao Cidadão;SEGURANÇA PÚBLICA;POLICIAMENTO;OUTROS SERVIÇOS DE TERCEIROS -  PESSOA JURÍDICA;TESOURO;62.593,64;459.167,17;327.074,87
2022;08;75.10.4.4.90.52.06.181.0010.2.065.01.110000;Secretaria de Proteção ao Cidadão;SEGURANÇA PÚBLICA;POLICIAMENTO;EQUIPAMENTOS E MATERIAL PERMANENTE;TESOURO;14.303,50;59.580,00;47.486,00
2022;08;80.10.3.1.90.11.04.122.0001.2.009.01.110000;Encargos Gerais do Município;ADMINISTRAÇÃO;ADMINISTRAÇÃO GERAL;VENCIMENTOS E VANTAGENS FIXAS -  PESSOAL CIVIL;TESOURO;1.193.773,79;1.193.773,79;1.193.773,79
2022;08;80.10.3.1.90.13.09.271.0001.2.010.01.110000;Encargos Gerais do Município;PREVIDÊNCIA SOCIAL;PREVIDÊNCIA BÁSICA;OBRIGAÇÕES PATRONAIS;TESOURO;473.870,64;473.870,64;473.870,64
2022;08;80.10.3.1.90.16.04.122.0001.2.009.01.110000;Encargos Gerais do Município;ADMINISTRAÇÃO;ADMINISTRAÇÃO GERAL;OUTRAS DESPESAS VARIÁVEIS - PESSOAL CIVIL;TESOURO;476.212,26;476.212,26;476.212,26
2022;08;80.10.3.1.90.91.04.122.0001.0.001.01.110000;Encargos Gerais do Município;ADMINISTRAÇÃO;ADMINISTRAÇÃO GERAL;SENTENÇAS JUDICIAIS;TESOURO;684.992,80;684.992,80;649.954,49
2022;08;80.10.3.1.90.94.04.122.0001.2.009.01.110000;Encargos Gerais do Município;ADMINISTRAÇÃO;ADMINISTRAÇÃO GERAL;INDENIZAÇÕES E RESTITUIÇÕES TRABALHISTAS;TESOURO;265.719,39;265.719,39;230.532,76
2022;08;80.10.3.1.91.13.09.271.0001.2.010.05.600159;Encargos Gerais do Município;PREVIDÊNCIA SOCIAL;PREVIDÊNCIA BÁSICA;OBRIGAÇÕES PATRONAIS;TRANSFERENCIAS E CONVENIOS FEDERAIS - VINCULADOS;-3.414,38;-3.414,38;2.017.329,31
2022;08;80.10.3.2.90.21.28.843.0001.0.002.01.110000;Encargos Gerais do Município;ENCARGOS ESPECIAIS;SERVIÇO DA DÍVIDA INTERNA;JUROS SOBRE A DÍVIDA POR CONTRATO;TESOURO;2.832.075,02;3.527.389,55;3.527.634,24
2022;08;80.10.3.2.90.21.28.843.0001.0.004.01.110000;Encargos Gerais do Município;ENCARGOS ESPECIAIS;SERVIÇO DA DÍVIDA INTERNA;JUROS SOBRE A DÍVIDA POR CONTRATO;TESOURO;0,00;206.577,11;206.577,11
2022;08;80.10.3.2.91.21.28.843.0001.0.004.01.110000;Encargos Gerais do Município;ENCARGOS ESPECIAIS;SERVIÇO DA DÍVIDA INTERNA;JUROS SOBRE A DÍVIDA POR CONTRATO - INTRA-ORÇAMENTÁRIO;TESOURO;0,00;610.255,10;610.255,10
2022;08;80.10.3.2.91.21.28.843.0001.0.004.91.110000;Encargos Gerais do Município;ENCARGOS ESPECIAIS;SERVIÇO DA DÍVIDA INTERNA;JUROS SOBRE A DÍVIDA POR CONTRATO - INTRA-ORÇAMENTÁRIO;TESOURO - EXERCÍCIO ANTERIOR;0,00;5.738,37;5.738,37
2022;08;80.10.3.3.90.08.04.122.0001.2.008.01.110000;Encargos Gerais do Município;ADMINISTRAÇÃO;ADMINISTRAÇÃO GERAL;OUTROS BENEFÍCIOS ASSISTENCIAIS DO SERVIDOR E DO MILITAR;TESOURO;43.841,21;43.841,21;43.841,21
2022;08;80.10.3.3.90.39.04.122.0001.2.007.01.110000;Encargos Gerais do Município;ADMINISTRAÇÃO;ADMINISTRAÇÃO GERAL;OUTROS SERVIÇOS DE TERCEIROS -  PESSOA JURÍDICA;TESOURO;81.988,76;1.014.796,03;1.093.154,28
2022;08;80.10.3.3.90.39.04.122.0001.2.008.01.110000;Encargos Gerais do Município;ADMINISTRAÇÃO;ADMINISTRAÇÃO GERAL;OUTROS SERVIÇOS DE TERCEIROS -  PESSOA JURÍDICA;TESOURO;76.529,07;210.278,21;221.631,82
2022;08;80.10.3.3.90.46.04.122.0001.2.008.01.110000;Encargos Gerais do Município;ADMINISTRAÇÃO;ADMINISTRAÇÃO GERAL;AUXÍLIO ALIMENTAÇÃO;TESOURO;565.981,00;565.981,00;565.981,00
2022;08;80.10.3.3.90.47.04.122.0001.2.009.91.110000;Encargos Gerais do Município;ADMINISTRAÇÃO;ADMINISTRAÇÃO GERAL;OBRIGAÇÕES TRIBUTÁRIAS E CONTRIBUTIVAS;TESOURO - EXERCÍCIO ANTERIOR;2.650.622,70;2.650.622,70;2.650.622,70
2022;08;80.10.3.3.90.91.04.122.0001.0.001.01.110000;Encargos Gerais do Município;ADMINISTRAÇÃO;ADMINISTRAÇÃO GERAL;SENTENÇAS JUDICIAIS;TESOURO;87.356,21;87.356,21;87.356,21
2022;08;80.10.3.3.90.92.04.122.0001.2.007.01.110000;Encargos Gerais do Município;ADMINISTRAÇÃO;ADMINISTRAÇÃO GERAL;DESPESAS DE EXERCÍCIOS ANTERIORES;TESOURO;0,00;75.981,61;25.608,41
2022;08;80.10.3.3.90.93.04.122.0001.0.003.01.110000;Encargos Gerais do Município;ADMINISTRAÇÃO;ADMINISTRAÇÃO GERAL;INDENIZAÇÕES E RESTITUIÇÕES;TESOURO;1.454,49;1.454,49;70.190,21
2022;08;80.10.3.3.90.93.04.122.0001.2.007.01.110000;Encargos Gerais do Município;ADMINISTRAÇÃO;ADMINISTRAÇÃO GERAL;INDENIZAÇÕES E RESTITUIÇÕES;TESOURO;274.337,49;274.337,49;25.219,49
2022;08;80.10.4.6.90.71.28.843.0001.0.002.01.110000;Encargos Gerais do Município;ENCARGOS ESPECIAIS;SERVIÇO DA DÍVIDA INTERNA;PRINCIPAL DA DÍVIDA CONTRATUAL RESGATADA;TESOURO;14.401.990,31;15.145.178,57;15.144.704,17
2022;08;80.10.4.6.90.71.28.843.0001.0.002.03.100081;Encargos Gerais do Município;ENCARGOS ESPECIAIS;SERVIÇO DA DÍVIDA INTERNA;PRINCIPAL DA DÍVIDA CONTRATUAL RESGATADA;RECURSOS PROPRIOS DE FUNDOS ESPECIAIS DE DESPESA - VINCULADOS;0,00;422.097,26;422.097,26
2022;08;80.10.4.6.90.71.28.843.0001.0.002.91.110000;Encargos Gerais do Município;ENCARGOS ESPECIAIS;SERVIÇO DA DÍVIDA INTERNA;PRINCIPAL DA DÍVIDA CONTRATUAL RESGATADA;TESOURO - EXERCÍCIO ANTERIOR;0,00;443.778,30;443.778,30
2022;08;80.10.4.6.90.71.28.843.0001.0.004.01.110000;Encargos Gerais do Município;ENCARGOS ESPECIAIS;SERVIÇO DA DÍVIDA INTERNA;PRINCIPAL DA DÍVIDA CONTRATUAL RESGATADA;TESOURO;0,00;223.949,18;223.949,18
2022;08;80.10.4.6.91.71.28.843.0001.0.004.01.110000;Encargos Gerais do Município;ENCARGOS ESPECIAIS;SERVIÇO DA DÍVIDA INTERNA;PRINCIPAL DA DÍVIDA CONTRATUAL RESGATADA - INTRA-ORÇAMENTÁRIO;TESOURO;0,00;846.624,08;846.624,08
2022;08;80.10.4.6.91.71.28.843.0001.0.004.91.110000;Encargos Gerais do Município;ENCARGOS ESPECIAIS;SERVIÇO DA DÍVIDA INTERNA;PRINCIPAL DA DÍVIDA CONTRATUAL RESGATADA - INTRA-ORÇAMENTÁRIO;TESOURO - EXERCÍCIO ANTERIOR;0,00;691.440,64;691.440,64